id,team,manager,jobTasksSDSA,jobBalanceSDSA,jobPaySDSA,jobRecognitionSDSA,jobAdvancementSDSA,jobCoworkersSDSA,jobManagementSDSA,salary,overallSatisfaction,age
W472V,Ethics,X8022Z,7,3,7,7,7,5,4,126460,6.583162957,43.7249466
S227N,DSI,V8472W,1,6,3,2,2,7,7,57917.75196,4,47.62606956
K503P,Finance,Y4468Y,2,2,4,3,4,3,3,52852,2.269350551,49.72340587
J845U,R&D,X8066X,6,3,7,7,7,4,4,98429,6.476327136,45.73882405
O834K,Finance,Z7298V,3,3,4,4,4,4,3,45397,3.097057307,39.65336337
S167E,R&D,Z2464Y,2,3,3,4,3,4,5,171648,4.478577878,44.95528378
M198N,R&D,X3607X,7,4,7,7,7,5,6,53330,5.606991463,52.77879297
E201S,R&D,X3607X,3,6,4,3,4,7,7,145440,6.045942918,39.70812267
F945P,Finance,Y9641W,4,5,5,5,6,7,6,71567,5.724613913,47.98344582
J920O,DSI,I511L,2,7,3,3,3,7,5,59541.69695,4.285714286,43.94001543
F604E,Finance,Z7298V,2,3,3,3,4,5,5,107938,4.487905013,49.56255679
Z508S,R&D,Z2464Y,3,5,3,4,5,6,7,103943,6.046152629,51.32706503
O649Q,R&D,V4497X,4,2,5,6,5,4,3,53714,3.646325739,43.34384514
D918A,Ethics,W7742X,1,4,2,4,1,6,5,52395,2.694291597,35.78564935
X269R,Finance,Z7298V,1,3,2,2,4,4,4,54730,2.439989792,47.05682984
P298G,R&D,V4497X,5,5,6,6,6,7,6,92393,6.780296322,48.06283413
Q920T,DSI,V8472W,4,5,5,6,6,7,6,64813.28807,5.571428571,43.49413119
W572C,Finance,X7645X,2,1,3,5,4,3,2,56320,2.857142857,43.16557975
O699Q,Finance,Y7685W,6,6,7,7,7,7,7,55078,6.714285714,50.30823403
K944D,Finance,Y4468Y,2,1,3,4,4,3,3,52338,2.366928193,47.37106661
Q312G,Ethics,W7742X,7,3,7,7,7,5,4,64981,5.714285714,44.47413419
O731D,Finance,Y9641W,3,7,5,5,5,7,7,127198,6.448443161,49.35846599
O544V,Finance,Y9641W,5,4,6,7,6,5,6,47630,5.108500743,55.62419374
U271G,Finance,Y9641W,1,5,2,3,2,7,7,53711,3.202689829,48.81413599
D612F,Ethics,W2205Z,1,4,3,3,3,5,6,149939,4.487871236,45.56160598
A392M,R&D,X8066X,1,4,3,3,3,6,6,48431,3.139774805,41.2487855
M452T,R&D,Z2464Y,2,7,3,3,4,7,7,74136,5.163967334,41.66133736
F850G,Ethics,X8022Z,7,2,7,7,7,4,4,46336,4.868469951,46.51966022
F448U,R&D,V4497X,5,2,7,7,7,4,3,54901,4.468108632,55.15030537
R113O,R&D,X3607X,5,1,7,6,7,4,2,98771,5.652876882,41.01298641
Z239I,R&D,Y3553W,5,4,6,7,7,6,6,140545,6.854563978,54.60950384
H885W,Ethics,W2205Z,2,4,4,4,3,6,6,52082,3.438904402,35.29761272
I242N,R&D,V4497X,3,4,5,4,5,6,5,57987,4.571428571,45.89593759
Z380H,Finance,Y4468Y,2,2,4,4,4,4,3,166688,4.381194007,46.0775691
Q624A,Finance,Y9641W,1,6,3,2,2,7,7,55701,4,39.49118179
I473H,R&D,X3607X,4,5,5,5,6,7,7,56434,5.571428571,42.24750459
L279F,R&D,X8066X,6,1,7,7,6,3,3,52514,4.303233783,44.87185373
I449L,R&D,V4497X,2,3,3,3,3,4,5,91790,4.398070611,47.71297282
L539X,Ethics,W2205Z,3,5,4,4,5,6,7,64355,4.857142857,43.43227544
U339N,R&D,X8066X,4,7,5,6,6,7,7,69519,6.613603834,49.03708187
X368K,Ethics,W2205Z,3,3,5,4,4,5,4,116693,5.19743467,46.23346
H639N,R&D,Z2464Y,3,3,4,5,4,6,5,135329,5.284723696,48.69764586
O533O,R&D,Z2464Y,3,6,4,4,4,7,7,57085,5,54.83321106
T921J,DSI,V8472W,3,4,5,4,4,5,5,64682.67457,4.285714286,39.12623365
O485G,Finance,Y4468Y,4,3,5,5,5,3,4,54226,3.555278614,40.38488661
L722Q,R&D,Z2464Y,1,7,3,3,2,7,7,82416,5.3827481,45.60411794
P929M,Finance,X7645X,3,2,5,4,4,3,4,48230,2.900710224,42.12186952
N916L,R&D,Y3553W,1,7,2,3,2,7,7,140442,4.928127125,38.69729682
C849Z,Ethics,X8022Z,1,2,2,2,2,3,3,49866,1.724301362,45.24965436
R572E,Ethics,X8022Z,2,6,2,4,4,7,7,54287,4.080390954,46.07464638
L795Y,R&D,X8066X,7,2,7,7,7,3,4,93246,6.239263016,42.52351875
S465Z,Finance,X7645X,1,3,2,2,3,5,5,71907,3.398799798,40.0033657
N348W,Finance,Y7685W,5,5,6,6,7,6,6,47060,5.267498483,38.21985101
A795V,Ethics,W7742X,1,3,3,3,3,5,4,49482,2.552603358,45.14355309
T304L,R&D,Z2464Y,7,4,7,7,7,5,6,59873,6.142857143,44.7450356
C589K,R&D,Z2464Y,7,2,7,7,7,4,4,74679,5.789418622,41.96040721
X339G,Health,W8102W,7,7,7,7,7,7,7,106435,7,46.28162899
T303M,Health,W8102W,3,6,5,4,5,7,7,54887,4.81174643,40.819104
J537A,R&D,X3607X,3,7,4,5,5,7,7,78309,5.428571429,44.18584245
M657E,R&D,X8066X,1,3,2,2,2,4,4,154814,3.865343404,36.85835501
R677K,Finance,X7645X,6,6,7,7,7,7,7,79322,6.714285714,49.01655029
B676X,Health,Z4101Z,2,1,3,3,4,3,3,58969,2.714285714,42.67539879
Z986B,Health,W8102W,1,7,2,3,3,7,7,55366,4.285714286,33.44190462
L225L,R&D,Z2464Y,3,5,4,5,4,6,6,76634,5.010413994,39.58828683
P424T,Finance,Y4468Y,4,4,5,6,5,5,5,75576,5.550404323,50.56816085
N942N,Finance,X7645X,6,7,7,7,7,7,7,58586,6.857142857,52.14423147
Z498C,R&D,Y3553W,3,3,5,5,5,4,4,49603,3.488698613,36.545017
K497Y,R&D,V4497X,1,3,3,2,2,5,5,54898,2.598634335,35.47269309
F509O,R&D,Y3553W,7,1,7,7,7,3,2,104184,5.838518058,39.84148922
F903C,R&D,Z2464Y,6,2,7,7,7,4,4,47577,4.650167063,48.87496725
R443N,R&D,V4497X,2,1,3,4,3,2,3,102579,3.545439168,39.01274417
R819G,DSI,V8472W,7,7,7,7,7,7,7,76425.17105,7,39.01200477
S875A,Finance,Y4468Y,1,6,3,2,2,7,7,57320,4,36.35891946
K218A,R&D,Z2464Y,4,3,6,6,5,5,5,76271,5.440234767,54.4769728
Y135Q,Finance,Y9641W,2,5,3,4,3,7,7,75704,4.739284263,48.5818425
Z537H,Finance,Z7298V,2,3,3,4,3,5,4,67318,3.869474939,45.9097275
Y108S,Finance,X7645X,7,7,7,7,7,7,7,69223,7,45.98944955
Y318H,Ethics,W2205Z,4,5,6,6,5,7,6,58908,5.571428571,37.75833227
L890B,Finance,Y7685W,2,7,4,4,4,7,7,131115,5.964344424,44.73222646
C452T,R&D,Z2464Y,6,6,7,7,7,7,7,45532,6.07933931,40.87955242
U504M,Finance,Y9641W,7,3,7,7,7,3,6,52815,5.406284216,45.04195523
S268J,Finance,Y9641W,2,5,4,3,4,7,7,54120,4.120686459,46.59574433
U356H,Finance,X7645X,1,1,3,2,3,3,2,53075,1.499001673,32.84228024
P845Y,Finance,Z7298V,3,5,5,4,4,6,6,133368,5.710227614,46.2080354
U139S,DSI,V8472W,7,4,7,7,7,5,6,63235.33213,6.142857143,40.07116761
R368W,Ethics,X8022Z,1,1,3,2,3,2,3,51679,1.66543605,50.98670183
S722T,R&D,Z2464Y,3,3,5,5,5,4,4,130101,4.962755292,45.06416804
Y370X,R&D,Z2464Y,4,6,6,6,6,7,7,58351,6,43.32729376
P572X,Finance,Y7685W,4,4,5,5,6,5,6,77261,5,40.71651549
A526I,Health,Z4101Z,7,7,7,7,7,7,7,100713,7,44.90114247
V161Q,R&D,Z2464Y,3,6,5,5,4,7,7,66904,5.871790278,41.8973294
T828Q,Ethics,W7742X,4,5,5,6,7,6,7,57855,5.714285714,50.31321024
M377C,Ethics,W7742X,1,4,2,3,2,6,6,84361,4.432664499,43.46291936
U582H,R&D,X8066X,3,4,4,4,5,6,5,45473,3.878740304,35.37056646
Q633I,Health,W8102W,6,7,7,7,7,7,7,45819,6.380029013,44.04159388
A129A,R&D,Z2464Y,5,3,6,7,7,4,5,49550,4.729105632,56.78616918
S408M,Finance,Y4468Y,3,7,4,4,4,7,7,87103,6.254538027,47.55873617
U109X,Finance,X7645X,2,6,4,3,3,7,7,79265,4.571428571,48.39183174
J940X,Health,V7487V,3,3,4,4,5,4,4,72987,4.266613788,42.27356825
R419J,DSI,V8472W,4,1,5,6,6,1,2,70851.02329,4.088421314,37.95320147
Q876B,Health,W8102W,3,3,4,5,5,4,5,49679,3.732739266,46.79498533
S529J,R&D,V4497X,5,7,6,7,6,7,7,46769,5.851474578,42.88378654
I183O,Finance,Y4468Y,3,1,5,5,4,3,2,75077,3.782510504,44.39519199
M591N,Health,W8102W,6,1,7,7,7,2,3,53024,4.275136158,45.58847653
A541O,R&D,V4497X,4,5,5,5,7,7,6,82062,6.463916637,46.21360162
B352U,R&D,V4497X,2,1,3,4,3,3,2,74281,3.240407023,46.98830165
L931O,Ethics,W2205Z,7,4,7,7,7,6,5,71123,6.576174829,43.12302399
J449Z,Finance,Z7298V,1,5,2,3,2,7,7,71249,4.353252187,42.80776787
X166F,Finance,X7645X,7,3,7,7,7,6,4,57585,5.857142857,49.54619563
V280V,Finance,Y7685W,1,2,2,3,2,3,3,46489,1.813410437,52.8436538
S194X,R&D,V4497X,2,4,4,4,3,6,5,50834,3.548355892,34.25403722
Q826Y,Health,W8102W,4,5,7,6,6,6,6,53749,4.814407024,37.26866305
V247T,R&D,Y3553W,7,7,7,7,7,7,7,126940,7,47.06553309
A806M,Health,Z4101Z,7,3,7,7,7,5,4,58486,5.714285714,50.24521118
Y610A,R&D,V4497X,3,6,4,4,5,7,7,53427,4.831830363,54.4185617
F427Y,R&D,V4497X,6,7,7,7,7,7,7,59819,6.857142857,36.89948842
V177L,Finance,Z7298V,5,1,6,5,7,3,3,82002,5.284892595,48.4065494
G363J,Finance,X7645X,7,7,7,7,7,7,7,56185,7,37.33803451
U419X,Finance,Y4468Y,4,7,5,6,5,7,7,66812,6.291970402,46.06830296
G458M,R&D,Y3553W,6,1,7,7,7,2,3,45399,4.248884804,49.06213883
T332V,R&D,X8066X,7,7,7,7,7,7,7,124133,7,47.28160848
S928X,Finance,Z7298V,7,7,7,7,7,7,7,94155,7,57.36824522
M744E,Finance,X7645X,3,4,4,5,3,6,5,78364,4.285714286,42.96912628
W641V,Health,W8102W,4,6,5,6,6,7,7,56332,5.857142857,33.65221393
P451J,Finance,Y7685W,7,7,7,7,7,7,7,102572,7,44.46843895
B441E,Ethics,W2205Z,7,2,7,7,7,3,3,47427,4.667797359,45.11504533
M489I,R&D,X3607X,3,3,4,4,5,4,4,50289,3.40241345,52.64082656
S125R,Finance,X7645X,1,4,3,4,3,5,4,53679,3.111803543,49.16602389
P592S,Finance,X7645X,1,6,4,3,2,7,7,62030,4.285714286,49.84618296
K572X,R&D,Z2464Y,3,7,4,4,4,7,7,104458,6.284456382,48.54324978
J296K,Health,V7487V,1,2,2,2,3,4,3,80080,3.552428405,46.65386766
T127O,Health,W8102W,5,3,7,6,7,4,4,51403,4.561608312,41.42204732
X362O,Finance,X7645X,2,2,3,4,3,3,3,53760,2.388842744,48.74626081
Q654U,Health,W8102W,6,6,7,7,7,7,7,47303,6.148280694,39.7870204
G814L,Ethics,W7742X,5,2,6,6,7,4,4,123022,5.845452168,36.86564327
Z905K,Finance,Y4468Y,4,4,6,5,5,6,5,53372,4.381070405,41.84455188
Z459G,Finance,X7645X,3,4,5,6,4,4,5,73507,5.138354516,46.94657004
B328L,R&D,X3607X,3,5,5,5,5,7,6,46768,4.701245636,47.17960977
X953B,R&D,V4497X,7,1,7,7,7,2,3,58659,4.857142857,46.53324381
U762Z,R&D,Z2464Y,5,5,7,7,7,6,6,45002,5.708285125,44.07111435
U611F,R&D,Z2464Y,2,7,4,4,4,7,7,48622,4.412808075,48.73262519
R178Q,R&D,Z2464Y,7,2,7,7,7,3,3,80323,6.121181083,40.80372871
C211B,R&D,V4497X,3,2,5,5,5,2,4,69011,4.094223452,45.98744624
Y617M,R&D,X8066X,7,7,7,7,7,7,7,76401,7,35.4205574
M538U,R&D,Y3553W,2,2,3,3,3,4,3,83641,3.765666494,38.71277041
X920H,Health,Z4101Z,3,1,5,5,5,3,2,51247,3.020399542,54.71355982
G853V,Ethics,W7742X,7,3,7,7,7,4,4,144249,6.53861972,37.91697506
E940H,Finance,Z7298V,4,5,6,6,6,7,6,59661,5.714285714,43.45739259
L276H,Finance,Y4468Y,7,7,7,7,7,7,7,99923,7,41.91959994
J207A,Ethics,W2205Z,3,4,5,4,5,5,5,121745,5.42988492,46.47021226
O521Q,Finance,Y7685W,6,1,7,7,7,3,2,58156,4.714285714,49.82735614
Q834C,Finance,Z7298V,6,3,7,7,7,5,4,136184,6.605272319,43.35931809
J518S,Finance,Z7298V,7,7,7,7,7,7,7,47993,6.371698545,42.26416284
R167I,Ethics,X8022Z,7,7,7,7,7,7,7,119300,7,54.04701601
M440F,Finance,Y7685W,2,6,4,4,3,7,7,46962,4.262932294,52.93214467
P482K,R&D,X8066X,3,5,4,4,5,7,6,53234,4.349016087,52.34584392
B119R,Finance,Y4468Y,1,1,3,3,3,2,2,66687,2.744666436,58.5687929
L266N,Finance,X7645X,7,7,7,7,7,7,7,67721,7,46.40486855
S654I,Finance,Y9641W,3,5,5,4,5,7,6,85269,5.883136253,46.79086231
H841K,Ethics,X8022Z,7,7,7,7,7,7,7,143919,7,48.69703076
H937T,R&D,X8066X,5,3,6,7,6,4,5,61539,5.142857143,42.83045754
F714L,R&D,X3607X,7,7,7,7,7,7,7,119536,7,45.71050099
S796P,Ethics,W7742X,1,2,2,3,2,4,3,139622,3.237769069,40.59966079
X390Y,Health,Z4101Z,1,7,2,3,3,7,7,76557,4.824646194,44.97154591
X681F,Ethics,W7742X,7,3,7,7,7,4,5,61151,5.714285714,34.46518277
K941W,Health,W8102W,2,2,4,5,3,3,3,53093,2.670723886,38.19394981
I570V,Health,V7487V,6,4,7,7,7,5,6,46226,5.514119876,44.54526773
M877R,R&D,Y3553W,6,1,7,7,7,2,3,93644,5.611752694,41.65796568
N629F,Finance,X7645X,5,5,7,6,7,6,7,78492,6.142857143,40.97629677
D931Z,Ethics,W7742X,1,6,2,2,3,7,7,57711,4,42.46195452
F640K,Ethics,X8022Z,6,4,7,7,7,6,6,49146,5.77443,46.58735241
J853A,R&D,Z2464Y,2,1,4,4,4,3,2,63051,2.857142857,45.19139894
B149R,Ethics,W7742X,7,7,7,7,7,7,7,69926,7,42.96808919
Z173Z,Health,Z4101Z,7,7,7,7,7,7,7,81660,7,44.83620214
C511N,Finance,Y9641W,4,1,5,5,5,2,2,57409,3.428571429,41.71696105
Q718W,Ethics,W2205Z,2,3,4,4,3,5,5,77845,3.714285714,46.86153465
V489Z,R&D,X3607X,7,2,7,7,7,3,3,46366,4.555997499,44.61105314
J688C,Health,V7487V,7,2,7,7,7,3,3,58777,5.142857143,49.79598892
F509E,Health,Z4101Z,3,5,5,4,4,7,5,57410,4.714285714,31.99544347
N803J,Ethics,X8022Z,1,2,3,2,3,3,3,94986,3.411811802,42.10157464
V271J,DSI,V8472W,7,5,7,7,7,6,7,72541.80621,6.940160737,39.79434676
B745I,Ethics,W7742X,6,5,7,7,7,7,6,74910,6.942957576,45.51132274
H894T,DSI,V8472W,1,5,3,3,2,6,7,85044.98241,4.843190987,53.89108865
O930E,Finance,X7645X,2,2,3,4,4,3,4,144121,4.116542307,43.18328388
K460D,Finance,Y9641W,3,3,4,5,5,5,5,48911,3.694912101,42.93132759
P139P,DSI,V8472W,7,7,7,7,7,7,7,87890.78114,7,39.43857595
M734T,Finance,Y4468Y,6,2,7,7,7,4,4,77815,5.285714286,47.13981563
K127L,Health,V7487V,7,7,7,7,7,7,7,89527,7,42.8873114
G250P,R&D,X3607X,2,5,3,3,3,6,6,75444,4.408990268,42.77375155
P558D,Finance,Y4468Y,1,1,3,2,2,2,3,51348,1.637473995,47.47954012
P604S,Health,Z4101Z,1,4,3,1,3,5,6,54477,2.85833498,37.14840051
O439N,R&D,V4497X,7,7,7,7,7,7,7,104894,7,49.26301516
J497F,R&D,X8066X,3,7,4,4,5,7,7,59520,5.285714286,37.3335889
I567I,Finance,Y4468Y,3,1,4,5,5,2,2,57632,3.142857143,47.61190352
H297V,Finance,Y9641W,7,5,7,7,7,6,7,47936,6.095099038,47.57652281
D459M,R&D,Y3553W,6,7,7,7,7,7,7,53065,6.29466682,47.03674272
L628L,R&D,X8066X,4,2,6,6,5,4,3,50968,3.809026695,48.61020374
Z411R,R&D,X3607X,2,2,4,3,3,3,4,66141,3.583245158,54.12002209
D349B,Health,W8102W,3,1,5,5,4,1,4,81010,4.331373748,43.17837801
E163N,Health,V7487V,1,3,3,3,2,5,4,55962,3,37.26314432
N779C,R&D,V4497X,7,4,7,7,7,6,5,51632,5.709799935,39.52404875
L977R,Finance,Y4468Y,1,4,3,3,2,5,6,72837,3.950267724,41.47405383
B224K,DSI,V8472W,3,4,5,5,5,6,5,87490.15601,5.768532792,39.15063949
A526N,Finance,Y9641W,2,6,3,4,4,7,7,77598,4.714285714,43.48544044
I616E,Ethics,W7742X,2,4,5,4,4,5,6,57438,4.285714286,44.57656868
B626S,Finance,Z7298V,4,1,5,5,6,3,3,59111,3.857142857,52.30889131
M414F,R&D,X3607X,2,3,4,4,2,4,5,81108,4.35114635,42.94328839
K335F,Finance,Y4468Y,3,3,5,4,5,5,4,144501,5.097843147,43.05372023
P487L,Finance,X7645X,4,4,5,5,6,5,5,59796,4.857142857,35.68595124
O835S,Finance,X7645X,7,7,7,7,7,7,7,135701,7,43.99850603
I413V,Ethics,W7742X,1,4,2,2,3,5,5,130406,4.172113236,48.01203993
J144O,Finance,Y4468Y,7,7,7,7,7,7,7,80343,7,45.31063906
F464O,R&D,Y3553W,7,5,7,7,7,7,7,59289,6.714285714,38.264542
T856G,R&D,X3607X,1,5,2,3,3,7,7,45983,3.332210086,45.73459076
N245J,Ethics,W7742X,5,2,6,6,7,3,4,132590,5.537907229,57.64826997
S229P,DSI,V8472W,7,7,7,7,7,7,7,159384.7718,7,53.18937189
K686G,Finance,Y9641W,7,3,7,7,7,5,4,48889,5.291986461,55.86610474
T292I,Health,Z4101Z,7,3,7,7,7,4,5,59136,5.714285714,46.04306029
G879Q,R&D,V4497X,4,7,5,5,6,7,7,70556,6.158108871,38.4230881
T404R,Finance,Z7298V,7,7,7,7,7,7,7,123304,7,47.4692899
U428R,R&D,Z2464Y,3,1,4,4,6,2,3,49877,2.825978335,46.03291429
P224G,Finance,Z7298V,2,4,5,3,3,6,5,129543,5.159482061,42.81317798
P177M,Health,V7487V,1,4,3,2,3,5,6,57814,3.428571429,47.69556638
K156V,R&D,X3607X,1,5,2,2,2,6,6,93196,4.472305258,45.50760872
F248Z,Finance,Y4468Y,1,4,2,2,2,6,6,58317,3.285714286,53.06170217
D562E,Finance,Y9641W,4,1,5,5,5,3,2,53461,3.04758083,49.38318254
Y892J,Finance,Z7298V,2,6,3,4,4,7,7,79401,4.714285714,56.33169778
E737K,R&D,V4497X,2,3,4,4,3,5,4,46500,3.054417311,46.28993565
E191U,R&D,V4497X,3,3,4,5,5,5,4,55797,4.142857143,44.33733906
P990K,Health,Z4101Z,7,1,7,7,7,2,3,53531,4.36246214,51.7390996
W784L,R&D,V4497X,1,4,2,3,2,6,6,48674,2.800202733,46.27501869
Q493B,R&D,Y3553W,7,7,7,7,7,7,7,144736,7,37.29422051
C810P,R&D,X3607X,4,6,7,5,6,7,7,58630,6,44.96421186
L345X,Ethics,W7742X,1,6,2,3,2,7,7,65239,4,45.2175437
V230Z,R&D,Z2464Y,3,3,4,5,4,4,4,147343,4.878999162,43.92259891
T867O,Finance,Y9641W,3,5,5,5,5,7,7,76814,5.774909813,49.8646215
C747S,Health,V7487V,4,6,5,5,5,7,7,81437,6.690162718,36.81144131
S957P,R&D,Y3553W,7,7,7,7,7,7,7,127436,7,47.43991996
A312K,Health,V7487V,5,5,6,7,6,6,6,77751,5.857142857,40.2317228
F513T,Finance,Z7298V,4,2,5,6,6,3,3,96842,5.039037347,46.33639672
D761O,Ethics,W7742X,1,6,2,3,2,7,7,72554,4.431444783,45.14200398
I805J,Health,V7487V,4,6,6,6,5,7,7,97146,6.811850262,49.3079635
Z981F,Finance,X7645X,6,3,7,7,7,5,4,45778,5.013048303,53.33427937
R501Z,Finance,Z7298V,5,4,6,6,7,5,5,55622,5.428571429,46.43152016
M142Y,Finance,Z7298V,6,6,7,7,7,7,7,58655,6.714285714,53.95430035
X331O,Finance,X7645X,4,3,6,6,6,5,5,71484,5.434869901,42.37684936
O192I,R&D,X3607X,7,7,7,7,7,7,7,114054,7,51.17416311
X298J,R&D,Z2464Y,3,5,4,4,5,7,6,76366,5.180644911,51.25273807
M319J,R&D,X8066X,2,4,4,3,3,4,6,55377,3.714285714,44.07161882
B427N,DSI,I511L,7,7,7,7,7,7,7,111337.4736,7,54.933281
Q353M,Finance,Y7685W,3,1,5,5,5,2,3,75129,3.938411744,45.75039944
X276S,R&D,V4497X,6,1,7,6,7,2,3,69699,5.070794734,46.00305219
L458P,R&D,V4497X,2,7,4,4,3,7,7,71769,5.343402773,45.53124568
N779J,R&D,Y3553W,6,3,7,7,7,4,5,118095,6.744888753,46.95474552
Y919L,Finance,Y7685W,7,7,7,7,7,7,7,99786,7,40.53421675
C501E,Ethics,X8022Z,4,6,4,5,5,7,7,75572,5.929452537,40.79132139
B633Y,DSI,V8472W,5,4,6,6,6,6,5,54939.55281,5.197429028,41.39378465
I674N,Finance,Y4468Y,2,2,3,3,4,3,4,48969,2.580627414,49.19830706
Q943Z,R&D,X3607X,7,5,7,7,7,6,7,77016,6.571428571,38.69978139
R250U,R&D,Y3553W,3,5,4,5,4,6,7,74237,5.463870441,50.42421872
O231K,Health,V7487V,7,2,7,7,7,3,3,53922,4.651923267,46.52221352
P914P,Health,V7487V,5,3,7,6,6,5,4,45147,4.697167626,37.90051504
G790U,R&D,X8066X,3,7,5,4,4,7,7,50784,4.577779429,45.57349842
J710Q,Finance,Y9641W,1,2,2,2,3,4,3,47423,1.815796513,43.00203068
G568U,R&D,Y3553W,5,5,7,7,7,6,6,46494,5.590373399,48.38440162
Z620A,R&D,V4497X,2,2,3,4,4,3,3,71011,3.54463648,38.90715246
Q784D,Finance,Y7685W,1,1,2,3,3,2,3,77743,2.142857143,47.07043271
J473H,R&D,X8066X,1,3,3,2,2,5,5,76813,3.523921665,52.95146765
U945A,R&D,X3607X,7,7,7,7,7,7,7,57149,7,41.57661866
Y447L,Ethics,W2205Z,5,7,6,7,7,7,7,48218,6.052098992,37.3102012
V954E,Finance,Y7685W,4,5,5,4,5,6,7,78293,5.142857143,44.08219596
I809W,Ethics,W2205Z,2,4,3,3,3,7,6,59297,4,45.2182541
H366G,Ethics,W7742X,2,4,3,3,3,6,5,53327,3.076307163,41.81073668
Q396I,Health,W8102W,2,6,4,4,3,7,7,135850,5.798071864,48.62654549
B919P,R&D,X3607X,4,2,6,6,5,3,4,125887,5.205896061,49.78251571
U327J,Finance,X7645X,4,5,6,6,5,6,6,107643,6.483498281,43.84437453
U850P,Health,V7487V,4,1,6,6,5,2,2,51411,3.188184681,38.2051787
T475D,R&D,X3607X,2,4,4,3,3,5,5,50995,3.134193773,45.25481782
U570S,R&D,X8066X,3,4,4,5,5,5,6,101786,5.412045493,40.64276895
L852C,DSI,V8472W,1,1,4,2,3,2,2,57441.19243,2.142857143,51.34241057
O226F,R&D,X3607X,2,4,3,3,4,6,5,48782,3.493989533,46.54663268
M561Q,R&D,V4497X,1,5,2,2,3,7,7,54544,3.458709759,53.07944972
P362M,Finance,Y7685W,3,3,5,5,3,5,5,68688,4.657192522,45.29867289
A810A,R&D,Y3553W,1,1,2,2,3,2,2,59554,1.857142857,53.25654903
S282T,Health,W8102W,7,7,7,7,7,7,7,157918,7,40.45756924
N696T,R&D,X3607X,5,7,7,7,6,7,7,51498,5.91406831,51.83128806
F165L,Finance,X7645X,2,6,3,4,3,7,7,105049,5.510550947,41.30972811
W404G,Finance,Y4468Y,5,2,6,7,6,3,5,46494,4.264844473,55.43022387
G972U,R&D,X3607X,6,2,7,7,7,3,3,54750,4.722406623,52.20627484
V940M,R&D,Z2464Y,6,1,7,7,7,2,3,133779,5.694888304,41.02335466
C866T,Ethics,W2205Z,2,3,4,3,3,4,5,61109,3.428571429,45.76139677
M232Q,R&D,X8066X,7,3,7,7,7,4,4,99291,6.51973369,53.37028793
P862O,Ethics,X8022Z,7,1,7,7,7,3,3,79767,5,42.10785569
T275Y,Finance,Y4468Y,6,3,7,7,7,5,5,68912,6.359873271,46.10477337
Z210P,Health,W8102W,7,7,7,7,7,7,7,70467,7,52.50311066
V535Q,R&D,V4497X,6,1,7,7,7,2,3,47868,4.192977696,46.77474399
L881X,Finance,X7645X,2,3,3,4,3,4,5,80899,4.532660942,50.19992639
R942M,R&D,V4497X,4,3,5,5,5,5,5,48358,3.990076257,41.6339885
J389D,Ethics,X8022Z,4,5,5,6,5,7,6,50553,4.820787005,37.35483429
P578T,R&D,X8066X,6,2,7,7,7,3,3,50187,4.488043011,39.25039751
V881H,R&D,V4497X,2,2,4,3,4,3,4,69417,3.674244096,45.13811079
F423C,Health,W8102W,7,7,7,7,7,7,7,90492,7,44.7893133
S764T,Ethics,W2205Z,1,4,3,2,3,5,5,69936,3.97077602,41.05458396
A805C,Finance,Y7685W,2,2,3,4,4,3,3,138625,4.064008357,48.34544076
D485W,R&D,Y3553W,4,7,6,6,5,7,7,52910,5.637568248,51.4725272
A757X,R&D,X3607X,3,1,4,5,5,3,3,115375,4.482758914,48.12834375
Z614X,Health,V7487V,5,2,7,6,6,3,3,54831,4.0793152,46.25377248
W639Y,Finance,Y4468Y,1,6,2,2,2,7,7,134909,4.825117421,37.23373027
J217M,Finance,Y9641W,6,3,7,7,7,5,4,53870,4.912887453,50.83552739
N801C,Health,W8102W,5,6,6,7,7,7,7,53745,6.017036273,49.83571897
U477C,Finance,Y9641W,5,5,6,7,6,6,6,50162,5.24801334,43.35212092
R676H,Finance,Y7685W,6,7,7,7,7,7,7,57532,6.857142857,41.94346971
N580M,Ethics,X8022Z,7,2,7,7,7,5,3,127793,6.320023133,45.38683158
I365O,Finance,Y4468Y,7,4,7,7,7,5,6,56638,6.142857143,34.26371884
P262X,Health,W8102W,5,4,7,7,6,5,5,45632,5.010912975,37.13977091
A564Y,Health,V7487V,3,7,5,5,4,7,7,53418,4.882741434,47.8195376
M145H,Finance,Y7685W,3,7,5,5,5,7,7,50583,4.980226925,39.44695515
Z461P,Health,V7487V,5,2,6,5,7,4,3,46557,4.136394202,45.89143807
D304N,Finance,Z7298V,7,7,7,7,7,7,7,144211,7,49.69228492
A412R,Finance,Z7298V,6,7,7,7,7,7,7,53807,6.56900767,44.06536075
G617J,Health,W8102W,7,1,7,7,7,3,3,149250,6.024570268,38.77713557
B456O,Ethics,W2205Z,6,2,7,7,7,4,4,55888,5.285714286,46.12038377
K405A,R&D,Y3553W,7,7,7,7,7,7,7,124759,7,45.53509189
J595A,Health,Z4101Z,1,5,2,2,2,5,6,101965,4.330224044,42.31313134
F982F,Finance,Y9641W,3,4,4,5,5,5,5,71919,5.018235108,44.39745283
J526I,R&D,Y3553W,4,7,5,6,7,7,7,53181,5.633730025,42.11772897
O922V,DSI,V8472W,5,2,7,7,7,3,3,88969.76472,5.861328361,51.74461348
K787O,R&D,V4497X,4,5,5,6,5,7,6,74785,5.921027176,40.96289097
Q481I,Health,Z4101Z,1,3,2,3,3,5,5,116418,4.113148884,48.07697319
B850U,DSI,V8472W,4,4,7,5,5,5,5,55918.20766,5,43.34541784
S407D,Finance,Y9641W,1,3,3,3,3,4,5,59897,3.142857143,48.86090827
L715W,Health,V7487V,7,7,7,7,7,7,7,95116,7,40.09435145
F626A,Health,V7487V,3,7,3,5,4,7,7,55102,5.142857143,42.66396208
N941U,DSI,I511L,3,7,4,4,5,7,5,61441.19244,5,47.36980117
L950C,Health,Z4101Z,3,5,5,4,5,6,7,57031,5,47.66747371
T718L,R&D,X3607X,7,7,7,7,7,7,7,97251,7,44.7808096
K618G,R&D,X3607X,1,7,3,2,2,7,7,146374,5.144774259,39.03071171
B146O,Finance,X7645X,5,3,7,6,6,5,3,74215,5.685251812,43.43564158
S691G,R&D,X3607X,7,2,7,7,7,3,3,123909,6.303724564,42.8727106
G287I,Health,Z4101Z,4,1,6,5,6,3,2,113736,4.660239214,52.84898587
P327C,R&D,X3607X,2,6,3,4,4,7,7,74276,5.134032542,41.78047345
M965W,R&D,X8066X,6,5,7,7,7,7,5,48914,5.863146925,45.91030008
E986H,R&D,X3607X,4,4,6,6,5,5,5,54246,4.414412925,40.57361748
B984G,Finance,Y4468Y,2,2,3,4,3,3,4,130942,3.865956431,51.31208474
V739F,Finance,Y4468Y,3,6,4,4,5,7,7,73805,5.774608188,38.84373792
F226G,R&D,Y3553W,5,5,7,7,7,6,6,75450,6.594908732,45.61501076
B927M,Health,V7487V,1,7,2,2,3,7,7,50289,3.680036752,53.51619328
Y330M,Ethics,W7742X,1,2,2,1,2,3,3,51623,1.403687857,39.20702323
L793N,R&D,Z2464Y,6,5,7,7,7,7,7,50590,6.14087522,47.17544547
U485M,Health,Z4101Z,2,1,3,3,3,2,2,56271,2.285714286,46.22664826
T205M,R&D,V4497X,4,7,5,5,5,7,7,59671,5.714285714,38.75589184
R947I,R&D,Z2464Y,1,2,3,2,2,4,3,106944,3.365591027,43.49039565
U636T,Ethics,X8022Z,3,2,4,4,5,3,3,54154,2.792728822,51.10361999
R200P,Ethics,X8022Z,4,2,5,5,6,4,4,72252,4.829204821,46.36649748
H598Q,Health,Z4101Z,4,1,6,5,4,3,3,46597,3.157345456,40.2282985
H593H,Ethics,W7742X,3,4,5,4,5,6,6,57336,4.714285714,42.82648761
W537X,Ethics,W7742X,4,3,6,5,5,5,4,113823,5.5303443,48.72139382
W107G,Finance,X7645X,7,7,7,7,7,7,7,73799,7,47.40406091
S637U,Finance,Y7685W,2,2,3,4,3,3,4,73187,3.478256492,52.32961269
G831I,Finance,Y4468Y,7,7,7,7,7,7,7,68614,7,44.20654098
M252K,Finance,Z7298V,5,5,6,6,6,6,7,73187,6.373806384,40.6747961
B890H,R&D,Y3553W,7,2,7,7,7,4,3,58395,5.285714286,39.49588379
Y587I,Finance,X7645X,2,4,3,3,2,6,5,137157,4.650312519,44.35163365
H380Q,Finance,Y4468Y,1,1,3,3,4,2,4,71601,2.95472836,41.11960558
S767O,Health,Z4101Z,4,4,4,6,6,6,5,55050,5,45.3401313
P620E,R&D,Z2464Y,7,1,7,7,7,2,3,50737,4.431847777,45.35613799
Z938R,Health,Z4101Z,3,4,5,5,5,5,6,125622,5.45762755,48.73128515
I636N,Finance,Z7298V,4,3,5,5,5,4,5,54582,3.921288576,51.67964846
I454V,R&D,Z2464Y,1,7,2,3,2,7,7,139836,5.111341104,50.00257901
P752Y,Health,Z4101Z,7,7,7,7,7,7,7,91560,7,39.77692282
K127E,Finance,Z7298V,7,5,7,7,7,6,6,70310,6.790055211,36.69142606
L864C,DSI,V8472W,1,1,3,3,3,2,3,59336.2885,2.285714286,47.55552306
C754R,Finance,Y4468Y,5,3,7,7,6,4,4,46560,4.486443632,50.32424976
O607T,R&D,X3607X,1,5,2,3,2,5,6,53258,3.139385592,45.00195032
L808T,Health,V7487V,3,3,4,5,5,4,5,45313,3.758748365,46.98104691
V704R,R&D,V4497X,4,4,5,5,5,5,6,74556,5.271181238,40.48231776
Q902X,R&D,X3607X,1,6,3,3,3,7,7,49555,3.830694532,48.71116095
R809N,Finance,Z7298V,4,6,6,6,5,7,7,68679,6.364083958,37.61072052
K441M,Finance,Y9641W,7,7,7,7,7,7,7,100252,7,45.51316102
U503L,Health,Z4101Z,1,2,2,2,3,3,4,56821,2.428571429,42.50625284
R981H,Finance,Z7298V,1,3,4,3,2,5,5,54145,2.891420528,33.26416525
B935Q,Health,V7487V,7,2,7,7,7,4,3,136312,6.304886541,47.79421158
K698B,Health,Z4101Z,2,6,4,2,4,7,7,103964,5.763324587,47.60239426
T465U,Ethics,W7742X,7,3,7,7,7,4,5,52723,5.242394915,44.24191223
U470P,Ethics,W2205Z,7,3,7,7,7,4,4,54988,5.170540586,48.54741228
W656Q,R&D,X3607X,3,3,5,5,5,4,5,146330,5.142852269,39.71069227
Q272O,Ethics,W2205Z,7,6,7,7,7,7,7,47325,6.405671945,46.79859702
Y630V,Ethics,X8022Z,4,3,6,6,5,5,5,54812,4.257758236,46.69990175
W266V,Finance,Y4468Y,5,6,6,6,6,7,7,59464,6.142857143,41.22372189
Z526L,DSI,V8472W,6,3,7,7,7,5,5,60978.48228,5.714285714,39.73752448
W408G,R&D,X3607X,2,3,4,4,3,4,5,56604,3.571428571,50.51743401
F182X,Health,W8102W,4,7,6,6,6,7,7,56445,6.142857143,43.26485986
F895Q,R&D,X8066X,2,3,3,3,4,4,6,72991,4.184968107,47.26819014
S159E,R&D,X3607X,1,2,2,2,4,3,4,59568,2.571428571,45.82666825
T563N,Finance,Y4468Y,7,7,7,7,7,7,7,68968,7,47.20072337
A163W,Health,V7487V,5,5,6,7,6,7,7,57934,6.142857143,35.05323772
Y763L,Finance,Y7685W,3,4,5,5,4,6,5,54022,4.066224338,40.72808994
R175O,R&D,Z2464Y,2,2,4,3,3,4,3,50763,2.533376597,48.83914987
G646F,Health,Z4101Z,1,5,3,2,1,7,7,67682,4.304450912,47.4740411
Q127D,Finance,Y4468Y,4,5,6,5,5,6,7,53475,4.833570951,42.39285728
K940S,Finance,X7645X,1,7,3,3,3,7,7,59874,4.428571429,51.81515918
E299D,R&D,X3607X,3,2,3,5,5,2,3,53982,2.797774779,37.61737555
A105D,Health,W8102W,3,4,5,4,5,6,6,47779,4.293363946,47.77059375
X567M,R&D,Y3553W,6,5,7,7,7,7,6,46251,5.770026629,44.52044536
C616W,Health,V7487V,6,2,7,7,7,3,3,90662,5.797355475,44.51421766
L937D,Ethics,X8022Z,1,6,3,3,2,7,7,75650,4.443965961,44.68034928
F419N,Health,W8102W,7,5,7,7,7,7,6,57872,6.571428571,45.06374257
F154Z,Health,Z4101Z,7,3,7,7,7,4,4,86687,6.300893135,47.31363486
P345W,R&D,Y3553W,7,7,7,7,7,7,7,143340,7,42.4416849
P656Z,R&D,X3607X,3,4,4,4,5,5,5,53121,3.801576884,45.54117802
N179Y,Health,Z4101Z,1,7,3,3,3,7,7,56627,4.428571429,42.99083649
M984H,R&D,Y3553W,7,7,7,7,7,7,7,105234,7,48.15325481
I694M,Ethics,X8022Z,2,4,3,3,4,5,6,52751,3.407322168,42.36599192
Q768Z,Ethics,X8022Z,3,7,4,4,4,7,7,104817,6.030992079,38.99972548
Q842D,R&D,Y3553W,4,1,5,5,5,2,2,52048,2.814881532,50.71864198
L902I,R&D,V4497X,5,3,7,6,6,4,5,53885,4.594425999,38.27490118
J501B,R&D,V4497X,3,6,5,5,5,7,7,97253,6.419024137,43.00356001
C312J,R&D,X8066X,7,7,7,7,7,7,7,72441,7,50.28746828
G578E,Health,Z4101Z,6,6,7,7,7,7,7,77184,6.714285714,42.05121144
Q294U,R&D,Y3553W,3,7,4,5,4,7,7,94589,6.290904751,48.24301781
D976R,Health,V7487V,1,6,3,4,2,7,7,139380,5.280743009,43.92087387
U173Y,Ethics,X8022Z,5,3,7,6,7,5,5,53563,4.768662091,42.02028426
I148R,R&D,X3607X,7,6,7,7,7,7,7,51202,6.164244774,48.98986564
X910A,Ethics,W7742X,1,6,2,2,3,7,7,54226,3.550711896,51.67143065
P358K,Finance,Y9641W,6,2,7,7,7,5,4,54098,4.922553818,52.90627773
R290N,Finance,X7645X,4,7,5,5,5,7,7,170961,6.612431883,45.71143221
A105O,DSI,V8472W,2,1,3,3,4,1,2,83293.34011,3.294075891,48.12268553
R809M,Ethics,W7742X,6,2,7,7,7,4,4,95048,6.155890769,38.56488887
T434C,R&D,Z2464Y,6,3,7,7,7,4,5,77435,5.571428571,48.26044239
Z307A,Health,Z4101Z,2,1,4,3,4,4,3,57149,3,59.556722
A349L,Health,Z4101Z,1,7,3,2,2,7,7,58980,4.142857143,54.01950162
N148B,Ethics,W7742X,2,3,4,3,3,5,4,50543,2.967688533,53.1141378
R466J,Finance,Z7298V,4,5,5,6,6,6,7,53385,5.118908614,47.50107357
V883E,R&D,Z2464Y,7,7,7,7,7,7,7,98179,7,52.18716176
O468M,R&D,X8066X,4,7,6,5,5,7,7,97226,6.967938965,44.8158563
G614F,Finance,Z7298V,7,1,7,7,7,2,3,54547,4.488643079,49.47607677
R282V,Finance,Z7298V,7,2,7,7,7,3,3,53940,4.710973881,42.94115341
M500H,R&D,Z2464Y,7,2,7,7,7,3,4,104072,6.354324985,43.97017259
V745O,R&D,Z2464Y,1,4,3,2,3,6,6,124460,4.614359936,50.85425895
P540C,Ethics,X8022Z,1,7,3,2,1,7,7,56781,4,44.77933051
R802Q,Health,W8102W,7,7,7,7,7,7,7,86791,7,43.51615995
R393I,R&D,Z2464Y,4,5,6,5,6,7,6,74896,6.095674611,48.81377563
X283Z,Ethics,W2205Z,5,5,6,7,6,6,6,66909,6.352836905,46.30667342
D281K,Ethics,W7742X,1,6,3,2,2,7,7,145824,4.914344512,36.7846153
C417N,Finance,Y9641W,1,7,4,3,3,7,7,56502,4.571428571,48.84887914
P285N,Finance,Y4468Y,1,1,2,2,2,2,3,51680,1.142004216,44.38245563
C800Z,Finance,Y7685W,5,5,6,6,5,7,6,95368,6.60401825,46.30767964
Y977G,DSI,V8472W,4,4,6,6,5,4,6,72654.93297,5.494555628,41.31374305
N311Y,Finance,X7645X,7,4,7,7,7,6,5,54796,5.614814115,51.91272059
O149W,Health,V7487V,2,1,3,3,4,2,3,78694,2.571428571,42.56822661
L880B,DSI,V8472W,5,1,6,6,7,2,2,64373.01188,4.142857143,43.31218784
L250V,R&D,Z2464Y,3,4,5,5,5,6,5,46216,4.210526914,51.58099521
C316N,Ethics,W7742X,2,4,5,3,2,5,5,64998,3.714285714,53.70222034
Z878V,Finance,X7645X,3,5,4,3,4,7,7,121765,5.761852142,48.89341118
K564D,Finance,Y4468Y,3,6,4,5,5,7,6,51231,4.713794436,47.31884709
S897M,Health,Z4101Z,2,2,3,3,3,3,4,72963,3.219540094,43.18628725
Q246S,Health,Z4101Z,3,5,5,5,4,7,7,56464,5.142857143,42.30052371
W264O,Finance,Y7685W,3,5,4,4,5,6,7,77700,4.857142857,34.74117336
Q138V,Ethics,W7742X,6,5,7,7,7,7,5,75372,6.93535849,46.87673451
E849B,R&D,Z2464Y,7,5,7,7,7,7,6,56233,6.571428571,42.97831424
G396R,Ethics,W2205Z,7,2,7,7,7,3,4,53878,4.65338933,43.5642529
J199A,Health,V7487V,4,6,5,5,6,7,7,53801,5.170462852,42.06380707
S300Z,R&D,X8066X,5,4,6,7,7,5,6,149088,6.605760379,50.86570989
H350W,Finance,Y9641W,4,1,6,5,5,3,1,57087,3.571428571,41.94786098
V972D,Finance,Z7298V,7,3,7,7,7,4,4,115686,6.503615087,48.33018833
W840K,Ethics,W2205Z,6,4,7,7,7,5,5,65581,5.857142857,37.10352612
B621W,Finance,Y9641W,6,2,7,7,7,3,4,45891,4.604893619,47.14611347
Z541Z,Finance,Y4468Y,7,7,7,7,7,7,7,90637,7,46.02157251
V214W,Finance,Y9641W,4,2,5,5,6,4,3,56868,4.142857143,44.1844998
K442V,R&D,Y3553W,1,6,2,2,3,7,7,53377,3.538904608,52.75234637
M821I,Health,V7487V,5,5,7,6,6,6,7,45460,5.604463634,48.43934658
T318S,R&D,Z2464Y,4,4,6,5,5,6,5,59522,5,40.67394429
N611V,R&D,Y3553W,7,7,7,7,7,7,7,46243,6.562413139,40.61953902
A338R,R&D,V4497X,4,3,5,6,5,4,5,65996,4.571428571,49.60850927
K780I,R&D,X3607X,2,7,3,3,4,7,7,67517,5.233650592,44.58728547
W231T,Ethics,W2205Z,6,1,7,7,7,3,2,55957,4.714285714,45.79420764
A935C,Finance,Y7685W,7,7,7,7,7,7,7,133627,7,33.92551303
M111F,R&D,Z2464Y,2,5,3,4,3,7,6,113524,5.16827479,41.43869426
Y720U,R&D,V4497X,4,4,6,6,6,5,6,58125,5.285714286,55.08726054
V410N,R&D,Z2464Y,7,7,7,7,7,7,7,165339,7,34.58082384
Q320J,R&D,Y3553W,4,5,5,7,7,6,6,54012,5.188685353,45.92361532
Y510J,Ethics,W7742X,6,3,7,6,7,4,5,123076,6.292944701,46.59180283
U268L,Finance,X7645X,3,1,5,5,3,3,3,89008,4.191312087,47.52786265
F549M,Finance,Y9641W,6,3,7,7,7,4,4,56440,5.428571429,38.59523051
W607H,Finance,X7645X,5,4,7,7,6,6,5,45931,5.243594769,51.74455208
Y611R,R&D,X8066X,7,7,7,7,7,7,7,122300,7,44.72933261
Z897S,R&D,Z2464Y,2,2,3,4,3,3,4,58823,3,46.03988947
P687D,Finance,Y9641W,6,3,7,7,7,5,5,58543,5.714285714,43.21976528
N484X,Finance,Y9641W,2,6,3,3,3,7,7,51343,3.985753236,46.68656656
C386I,Ethics,X8022Z,2,5,3,4,3,6,7,69343,4.835432312,38.13486947
T613A,Finance,Y7685W,3,3,4,4,5,5,5,119544,5.150895201,39.89647321
M579F,Finance,X7645X,6,2,7,7,7,4,3,81510,5.988787594,45.17120995
Y606L,Finance,Y9641W,7,5,7,7,7,7,6,53275,6.048435844,42.58606236
C260D,R&D,V4497X,4,3,6,6,5,5,5,81434,5.775264814,53.48309523
C195K,R&D,Y3553W,5,6,7,6,7,7,7,49208,5.850239571,49.71294341
Q782H,Finance,Y7685W,1,6,2,2,3,7,7,46346,3.578392976,45.37256486
H200C,Health,V7487V,7,3,7,7,7,4,4,59021,5.571428571,38.03132201
E406M,Health,Z4101Z,3,3,4,4,4,5,4,74196,4.422536466,40.1800507
I876Y,Health,V7487V,4,5,6,6,6,7,6,69823,6.084036077,50.88107295
U303N,R&D,X8066X,5,5,7,7,7,6,7,49601,5.745686296,43.09570311
A566U,Finance,Y4468Y,1,5,3,2,2,6,6,53132,2.959838582,41.23092512
R783P,Health,W8102W,1,6,3,3,3,7,7,151717,5.196195334,42.11586571
K680E,Health,Z4101Z,3,5,4,5,5,7,6,50648,4.611240338,45.59206029
D521C,DSI,V8472W,2,6,3,4,3,7,7,75230.2099,4.962154312,54.79395181
M360C,Health,W8102W,7,1,7,7,7,2,2,140429,5.71675105,47.9095591
E448Q,Finance,Y9641W,7,4,7,7,7,5,5,56644,6,47.17255218
W736M,R&D,Z2464Y,4,7,6,6,6,7,7,54268,5.668163794,49.00424398
D739J,R&D,X3607X,2,5,4,3,4,6,7,70926,5.007314405,48.63621763
T346Y,Ethics,X8022Z,6,6,7,7,7,7,7,46639,6.182080689,48.2797495
N665E,Ethics,X8022Z,3,1,4,5,4,3,3,63452,3.285714286,51.50471149
Z970Z,Finance,Y9641W,6,1,7,7,7,2,3,53148,4.255507173,51.37023432
D894Q,Finance,Y4468Y,7,7,7,7,7,7,7,95934,7,43.6383234
N808P,Finance,X7645X,3,7,4,5,5,7,7,95430,6.371091665,45.88622853
M127Q,R&D,Z2464Y,7,7,7,7,7,7,7,120911,7,45.97158592
I107H,Finance,Y7685W,2,1,4,4,3,2,4,76370,3.261473757,39.32161452
Z535Y,R&D,X8066X,4,2,6,5,5,3,4,128886,5.175019164,48.61701037
E419N,Ethics,X8022Z,7,7,7,7,7,7,7,89224,7,46.39349967
T164C,Finance,Y4468Y,1,2,3,1,3,4,3,70159,2.908602464,45.78276425
O355B,Health,V7487V,2,7,3,2,4,7,7,53931,4.148167777,49.00277704
B770O,R&D,X3607X,7,3,7,7,7,5,4,91154,6.687736076,52.35708941
E527E,R&D,Z2464Y,3,2,4,4,5,4,4,65944,3.714285714,39.54043748
I849W,R&D,Y3553W,2,7,4,4,4,7,7,46945,4.574401546,42.63041078
U866O,R&D,X8066X,5,1,6,7,7,2,2,46570,3.667656968,35.20256329
S845N,Finance,Y7685W,6,1,7,7,7,2,2,53190,4.043791619,49.20677468
D562M,Finance,Y9641W,7,5,7,7,7,7,6,52468,6.018090472,46.45709141
S913D,R&D,Y3553W,5,1,6,7,7,2,4,75386,4.90695768,49.53892897
Y780P,Finance,Y4468Y,1,3,2,3,3,5,5,52061,2.743512343,43.70602204
L359O,R&D,V4497X,4,4,6,5,6,5,5,46704,4.53536581,44.33337178
B777Z,Ethics,W2205Z,3,4,5,4,4,5,6,75328,5.073441375,46.68754273
O417S,Health,V7487V,4,3,6,6,5,5,6,102997,5.907650212,56.01740264
Z583U,Health,V7487V,5,6,7,6,6,7,7,51082,5.760791345,40.70932821
S979E,Finance,Y4468Y,2,3,3,3,3,4,4,133185,3.991847819,35.80928683
B706E,Health,W8102W,2,7,4,3,4,7,7,54173,4.489618215,42.9088017
F135I,R&D,V4497X,7,7,7,7,7,7,7,55925,7,47.17246066
D332N,R&D,Y3553W,1,4,3,2,2,5,6,56342,3.285714286,44.63566575
I386X,Ethics,X8022Z,7,7,7,7,7,7,7,165990,7,41.85551955
H675A,Ethics,X8022Z,6,2,6,7,7,3,4,144303,5.8177397,43.03937324
W689I,Health,V7487V,1,5,2,3,3,6,6,95028,4.786218208,42.8336167
D212L,Finance,Y7685W,5,7,7,6,7,7,7,55007,6.571428571,53.40026034
C144I,Health,Z4101Z,2,3,3,4,3,5,5,46673,3.074786744,40.29718168
X411C,Finance,Y4468Y,4,6,5,6,5,7,7,134582,6.693464767,47.33078609
T346N,R&D,Z2464Y,5,1,6,6,7,2,3,48052,3.88137454,50.33393855
M239R,Health,W8102W,1,4,3,3,3,5,6,46891,3.118771339,50.70015123
D179F,Finance,X7645X,2,6,3,3,3,7,7,143948,5.525646572,43.50115468
C979O,R&D,X8066X,4,5,6,5,5,7,7,91196,6.59446307,40.16298526
M100S,R&D,X3607X,4,3,7,7,6,5,5,54817,4.649174532,31.51291114
J858I,Finance,Z7298V,1,1,3,2,2,3,3,71256,2.618259306,44.68012739
E143H,Finance,Y7685W,3,5,4,5,5,7,7,104705,6.032623513,53.78928118
V880E,DSI,V8472W,6,2,7,7,7,3,4,88355.91696,6.163314806,41.01060481
A907P,Finance,X7645X,3,3,4,4,4,5,4,53961,3.336300793,42.28594619
M489C,Health,W8102W,4,2,5,6,6,4,4,85510,5.437621122,44.85336069
S997J,Ethics,W2205Z,2,4,4,3,3,6,6,59970,4,46.89187352
N198N,Ethics,W2205Z,7,7,7,7,7,7,7,118262,7,49.98026866
K626O,DSI,V8472W,7,7,7,7,7,7,7,71918.40246,7,44.53348409
Y914Y,R&D,X3607X,4,3,6,6,5,4,4,127911,5.62486054,58.28106682
D647A,Health,Z4101Z,3,2,4,5,5,4,4,52570,3.412845736,44.59168954
N601F,Finance,Y9641W,7,1,7,7,7,3,3,72204,5.483106819,39.47414022
N382Y,Finance,Z7298V,3,4,5,4,4,6,5,49729,3.926793779,35.69250845
Y158P,Health,V7487V,5,2,6,6,7,3,3,48303,4.01171117,50.54742025
N838A,Ethics,W2205Z,3,4,5,5,5,6,5,166534,5.844156533,47.72723805
K592Z,Ethics,W7742X,2,3,3,3,4,4,4,74889,3.998629243,46.86337747
B545J,Health,V7487V,5,2,7,6,6,4,3,56640,4.714285714,46.25048228
R386G,R&D,X8066X,1,6,2,3,2,7,7,106354,4.989652179,48.94561695
K285H,R&D,Z2464Y,1,6,3,2,2,7,7,54451,3.500446136,44.76468426
X487T,Finance,Y7685W,3,6,3,4,4,7,7,45542,4.533692944,43.67459575
X534B,Health,Z4101Z,6,6,7,7,7,7,7,62136,6.714285714,42.48396492
J784G,Finance,Y4468Y,2,6,5,3,4,7,7,71883,5.352436983,46.91239674
J506G,Finance,Y7685W,3,6,5,5,4,7,7,73519,5.803839555,41.30769755
D196A,Finance,Y9641W,2,1,3,3,4,3,3,149552,3.745986872,43.26579729
Z515Q,Ethics,W2205Z,7,7,7,7,7,7,7,92890,7,44.94815302
W823K,Ethics,W7742X,3,7,4,5,4,7,7,82102,6.428867103,40.96804799
V328E,Finance,Y4468Y,3,7,4,4,4,7,7,143032,6.151672502,42.02037257
S809J,R&D,Y3553W,4,1,6,4,5,3,3,54476,3.201089079,36.73198133
U621E,R&D,Y3553W,4,6,5,6,5,7,7,61674,5.714285714,37.44833938
Z530A,Ethics,X8022Z,1,3,2,2,4,5,5,72142,3.720636776,45.75456934
K699M,Finance,Y9641W,2,2,3,3,4,4,4,58681,3.142857143,42.80807492
E902S,Finance,Y4468Y,7,7,7,7,7,7,7,105486,7,38.36876947
M419R,Finance,Y9641W,6,7,7,6,7,7,7,79850,6.714285714,37.04782151
U685A,R&D,V4497X,3,3,6,3,5,5,5,47903,3.696382716,44.54938032
M639F,Ethics,W7742X,2,6,4,4,4,7,7,71444,5.411182625,36.12803307
R598B,DSI,V8472W,3,5,5,3,4,6,6,56007.50273,4.571428571,39.33054386
L565T,Finance,X7645X,7,7,7,7,7,7,7,112481,7,50.03557818
A803L,Finance,Y9641W,3,3,5,4,5,4,4,50816,3.435674433,44.06876534
A401E,Ethics,X8022Z,3,2,4,4,4,3,4,147526,4.501698538,46.95088318
S655V,Finance,Y4468Y,3,1,4,5,5,2,2,49201,2.778248326,38.97176882
D179H,R&D,X3607X,4,3,5,5,5,5,4,139630,5.432242839,49.68921829
T841K,Finance,X7645X,5,3,7,7,7,5,4,56612,5.428571429,47.62926172
S821O,Finance,Z7298V,2,2,3,3,3,3,4,75543,3.389643675,41.66270381
A307B,Finance,Y9641W,6,4,7,7,7,5,5,75792,6.269219867,49.04828765
T520Z,R&D,V4497X,2,4,4,3,5,6,5,45224,3.766818653,42.05995827
O370L,Health,W8102W,7,7,7,7,7,7,7,93533,7,44.6580345
D842R,Finance,Y9641W,5,3,5,6,7,5,4,69544,5.515419875,33.00745426
M800L,R&D,Y3553W,6,1,7,7,7,2,3,68729,5.189210515,39.54603279
C789H,Health,Z4101Z,1,6,3,2,3,7,7,70092,4.437062158,55.5856806
Y537Q,Finance,X7645X,5,1,5,6,6,3,2,45037,3.560647547,45.96943693
U277O,Finance,Y7685W,2,7,3,4,4,7,7,47751,4.529855522,39.6850745
G626B,Finance,X7645X,3,7,4,4,4,7,7,80166,6.034013645,42.85672084
O969Z,Finance,Y7685W,3,4,4,5,4,5,6,47122,3.837964243,45.17113171
U152V,R&D,V4497X,4,5,6,5,5,6,7,127278,6.426181594,40.79169815
F464G,Health,Z4101Z,5,2,6,6,6,3,3,78095,4.428571429,40.95128829
M296H,R&D,X3607X,3,4,5,5,5,5,5,58263,4.571428571,40.70959225
G790W,Finance,Y9641W,2,2,3,3,4,3,4,77939,3,50.67024891
D854O,Finance,Y9641W,2,7,5,4,4,7,7,132779,6.187778173,40.55154821
I625I,R&D,X8066X,2,5,3,4,4,6,6,81679,5.250687565,42.95363696
N793O,Finance,Z7298V,6,1,7,7,7,3,3,123766,5.827875489,42.6269475
Q677R,Ethics,W7742X,3,7,5,5,5,7,7,144642,6.532852125,51.81908493
B626M,Ethics,W7742X,3,7,4,5,5,7,7,56957,5.428571429,48.3799655
W189L,R&D,Y3553W,3,5,5,5,4,6,7,95376,5.976263874,48.61014459
O749I,Finance,Y4468Y,5,7,7,7,6,7,7,49565,6.177087476,45.18690654
B171K,Finance,Z7298V,2,6,3,3,4,7,7,47877,4.231064018,48.35373023
V784T,R&D,X3607X,3,7,4,4,4,7,7,54957,4.750468984,45.48937525
E167D,Ethics,X8022Z,3,2,4,5,5,4,4,141017,4.758596625,39.53112775
S773D,Finance,X7645X,2,4,4,2,4,5,5,106885,4.808601345,49.10509322
L548N,R&D,X8066X,2,7,3,4,3,7,7,148188,5.762875352,47.14798999
H742D,Finance,X7645X,1,1,3,2,3,2,2,50989,1.798399847,46.27885646
J822E,Finance,Z7298V,1,4,3,3,3,6,6,108145,4.637485183,42.8824206
D292I,Finance,Y9641W,3,7,4,5,4,7,7,171079,6.360449313,38.15940796
E268R,Health,W8102W,3,2,4,4,5,4,3,47477,3.045504375,46.57955993
H157E,R&D,V4497X,6,4,7,7,7,5,6,54045,5.514072461,41.27514457
Z368W,Health,W8102W,7,7,7,7,7,7,7,111812,7,42.91028008
Y978B,Finance,Z7298V,5,3,6,6,7,4,4,51505,4.521633958,48.52949919
O677C,Ethics,W2205Z,1,4,3,3,3,5,5,53990,2.752156015,49.94256047
U271X,R&D,Z2464Y,7,3,7,7,7,5,4,48326,5.138133687,47.61111078
L865X,Finance,X7645X,7,7,7,7,7,7,7,76414,7,42.98581121
Y260S,Ethics,W2205Z,7,1,7,7,7,3,2,57157,4.857142857,43.92019841
C883I,DSI,V8472W,2,2,3,4,4,4,4,86067.23903,4.291831009,39.89261618
Q935O,Finance,Y7685W,4,1,6,6,7,2,3,74083,4.669161658,51.49290189
Z447E,Finance,Y4468Y,3,6,5,6,4,7,7,144307,6.294275348,45.96420339
M619Z,R&D,Y3553W,2,7,3,4,3,7,7,116555,5.814624487,53.50490076
G163S,R&D,V4497X,6,3,7,6,7,4,4,95437,6.396446165,49.97139931
L321L,Finance,Y7685W,3,2,3,5,4,3,4,145242,4.299225443,46.59272791
D964W,R&D,V4497X,5,1,7,6,7,2,2,50931,3.751420536,54.05511175
C738U,R&D,X8066X,1,2,2,3,2,4,4,70725,3.068433814,47.09904952
R374W,R&D,X3607X,6,1,7,7,7,4,1,55250,4.714285714,43.67765605
V420S,DSI,V8472W,5,5,6,7,6,7,6,62150.41325,6,46.19993114
O291G,Finance,Y9641W,3,7,3,4,4,7,7,98912,5.729547607,50.0665428
T367F,R&D,X8066X,5,3,7,6,7,5,4,68398,5.610242024,42.23714217
Y913T,Finance,X7645X,4,5,6,6,5,6,7,68023,5.975542253,42.20487755
R577Y,Health,V7487V,1,7,3,2,3,7,7,77241,4.285714286,49.51951331
Z530D,Health,V7487V,1,1,3,2,2,3,3,56648,2.142857143,42.42728732
Y418Y,Ethics,W2205Z,6,3,7,7,7,4,4,72171,5.954203444,63.44373295
H889S,Ethics,X8022Z,6,1,7,7,7,2,3,65449,4.714285714,46.37856541
M465E,Health,Z4101Z,5,1,6,6,6,3,3,146069,5.207861453,51.15151757
M725A,R&D,V4497X,3,6,4,4,4,7,7,53048,4.603883201,51.99940147
J907C,R&D,X3607X,3,3,3,5,4,5,5,116017,5.037185745,40.54172725
O240J,Health,V7487V,7,7,7,7,7,7,7,51036,6.581938791,44.40073514
D289X,R&D,V4497X,4,2,6,5,5,3,4,136071,4.986765062,44.62884085
U123J,R&D,Z2464Y,7,1,7,7,7,3,3,91283,5.909425228,42.74002552
N472G,R&D,X8066X,7,1,7,7,7,3,2,54670,4.403878741,46.8846384
B136A,Health,Z4101Z,5,6,7,7,7,7,7,56779,6.571428571,43.02838699
V520R,Ethics,W2205Z,4,1,6,6,5,3,3,99900,4.974947377,38.09298879
M238C,Finance,Z7298V,6,3,7,7,7,5,5,98648,6.46288253,45.96484805
Y380B,R&D,Y3553W,1,2,3,2,3,4,4,54285,2.017791338,48.22832505
C452S,Finance,X7645X,5,2,7,7,6,3,4,51907,4.198200915,42.39060256
X885E,Finance,Y4468Y,5,6,7,6,6,7,7,55305,6.285714286,49.61447795
L435E,Ethics,W7742X,5,6,7,6,6,7,7,75672,6.730399571,41.58275582
L626M,Health,W8102W,2,5,4,3,3,7,7,133020,5.252571646,47.23430665
G290R,Finance,Y9641W,7,7,7,7,7,7,7,147081,7,45.11346961
P807K,R&D,X8066X,3,4,4,4,4,7,6,69088,5.033197093,58.35226895
Y588W,R&D,Y3553W,4,4,5,5,5,6,5,45476,4.282930693,40.66998514
P110D,Finance,Y4468Y,2,6,4,4,4,7,7,139527,5.97202618,33.1208468
Q931I,Ethics,W2205Z,6,3,6,7,7,5,5,69565,5.990587748,39.71650034
P356S,R&D,Y3553W,1,2,3,3,3,3,4,101032,3.596096466,43.17752965
N582T,DSI,V8472W,5,2,6,6,6,4,3,63886.78862,4.571428571,49.20679396
U681V,Finance,Y9641W,1,5,2,2,2,7,7,47155,3.296893639,50.23500621
C107S,R&D,Y3553W,6,6,7,7,7,7,7,51244,6.054039246,45.17158655
Q541E,Finance,Y7685W,7,2,7,7,7,4,5,53581,4.96867198,46.02307363
S647C,R&D,X8066X,7,2,7,7,7,4,3,53357,4.852509109,47.58754011
G352D,R&D,Z2464Y,6,5,7,7,6,7,7,49700,6.078700558,50.07101695
E118F,Ethics,W7742X,4,1,5,6,6,3,2,45573,3.381828182,44.53119
V773M,R&D,V4497X,4,3,6,5,6,4,3,52258,4.009289372,38.17248569
W976S,DSI,I511L,6,5,7,7,7,6,5,66261.19415,6.671716559,43.7991693
S320L,Health,V7487V,6,3,7,7,7,5,4,136047,6.628147861,49.19338709
W866C,R&D,Z2464Y,6,3,7,7,7,4,5,72993,6.217001414,48.00835521
Y586R,Ethics,W2205Z,2,4,3,4,4,6,6,48423,3.764084042,53.48609735
U711Z,Health,W8102W,2,6,4,2,3,7,7,80075,5.311296049,45.62649544
H482S,Ethics,W7742X,6,4,7,7,7,5,7,68804,6.515154101,54.24165372
F252D,Finance,Y9641W,1,3,3,2,4,5,4,46550,2.559358171,43.17722506
J504A,Health,Z4101Z,2,1,3,4,4,3,2,131306,3.668590337,43.13247775
L849E,DSI,I511L,7,5,7,7,7,7,4,65451.78432,6.285714286,49.56784228
U529N,Finance,Y4468Y,7,2,7,7,7,4,4,130265,6.267924968,37.81061291
W218Z,R&D,X3607X,5,3,7,7,6,4,4,47688,4.670464607,44.5262917
Y844Y,Finance,Y7685W,2,5,4,3,4,6,6,53745,3.746275252,54.6123863
Q661V,R&D,Y3553W,1,1,2,2,3,2,2,45957,1.429255492,47.02601117
M276Q,Finance,Y9641W,3,1,4,4,4,3,3,115898,4.205932114,41.09346453
Z952I,Ethics,W2205Z,3,6,4,4,4,7,7,58879,5,51.69574553
K302H,DSI,V8472W,3,6,5,4,5,7,7,157013.9922,6.369726219,59.61243546
P852R,Ethics,W2205Z,4,4,4,5,6,5,5,58110,4.714285714,46.50514551
N492F,Finance,X7645X,5,3,6,7,7,5,4,51685,4.782230122,47.97917468
N863V,DSI,I511L,4,3,5,6,5,4,3,119698.7724,5.364265976,47.01727186
S322P,Finance,X7645X,1,7,2,2,2,7,7,49156,3.408471177,42.9485646
P290D,Health,V7487V,5,7,7,7,6,7,7,49126,6.063883119,45.23508292
X129Z,R&D,Y3553W,7,7,7,7,7,7,7,115776,7,50.46954159
R367H,Health,W8102W,1,5,3,2,3,6,6,68857,4.200039658,44.2255645
M917H,R&D,X3607X,7,1,7,7,7,3,3,70492,5.576530618,34.32297706
D833O,Ethics,W7742X,2,6,4,4,4,7,7,47269,4.397656708,42.92611409
D141V,DSI,V8472W,5,4,7,6,6,5,6,131719.3713,6.55041995,44.9357344
U611V,Health,Z4101Z,4,3,5,5,5,6,4,78680,4.571428571,49.81720598
N543R,Finance,X7645X,2,2,3,4,4,3,4,55070,3.142857143,42.18756615
Q590O,Finance,Z7298V,1,1,2,3,2,3,3,48877,1.628257215,45.71810701
C627Y,Ethics,W2205Z,1,6,3,3,3,7,7,59759,4.285714286,44.02909191
K762P,R&D,X8066X,7,2,7,7,7,3,3,71814,5.545139907,45.57415041
Y238G,R&D,X8066X,6,2,7,7,7,4,4,107919,6.416051402,50.28319116
U866I,Health,Z4101Z,1,6,3,3,3,7,7,52147,3.818592139,34.74203132
R837P,Health,W8102W,3,3,5,5,4,4,5,49442,3.52461318,37.42511952
X887T,R&D,X8066X,2,7,4,4,4,7,7,68042,5.421262269,44.27935639
U894W,R&D,Z2464Y,3,6,4,5,4,7,7,54508,4.526384266,43.37243005
H970U,Health,W8102W,1,2,2,2,2,4,3,72697,2.777669431,38.19844598
W287B,Ethics,W7742X,4,2,5,6,5,4,3,161668,5.023625801,46.32058361
N345T,R&D,X3607X,4,2,6,6,6,3,3,53440,3.791258539,39.2529805
D489O,R&D,X8066X,4,6,5,5,5,6,7,73530,5.950792941,32.35957846
L436L,R&D,X3607X,3,2,4,4,5,3,4,50890,2.970934818,50.96110261
L456A,Health,Z4101Z,3,1,5,4,4,3,2,54507,2.685723842,50.70536192
I807U,R&D,X8066X,4,7,6,6,5,7,7,72549,6.451925674,49.52554171
R688C,Ethics,X8022Z,1,2,4,3,2,4,3,75619,3.161066583,49.60096099
A874H,Finance,Y7685W,6,2,7,7,7,4,3,73174,5.609682236,54.30947533
Y256S,R&D,Y3553W,2,3,5,4,4,5,5,99555,5.052116707,50.77256053
M204J,DSI,I511L,3,1,4,3,5,2,0,73929.07152,3.204992244,47.52326836
E139B,Finance,Y4468Y,7,4,7,7,7,6,7,45035,6.050367332,37.3960526
E833A,R&D,Z2464Y,4,1,5,5,6,2,2,48735,3.083601587,44.35888788
Z685V,Health,W8102W,4,5,6,6,6,6,7,71040,6.165348713,43.88766784
R296I,Finance,Y9641W,6,5,7,7,7,7,7,67809,6.992923805,42.84563508
A430P,R&D,Y3553W,1,1,3,2,3,2,3,57877,2.142857143,46.4914347
D453G,R&D,X8066X,5,5,6,6,6,6,6,107854,6.778917555,42.41106123
O395B,Ethics,X8022Z,5,2,6,6,6,3,3,52509,3.855968901,51.77394083
S688A,R&D,X3607X,2,2,4,4,4,3,3,105699,4.253244708,47.03699326
J904Q,Finance,Y4468Y,2,6,3,4,4,7,7,135428,5.683898026,49.45326415
B970C,Finance,Y4468Y,5,3,7,7,7,4,5,73454,5.911754874,43.89522737
U715M,Finance,Y9641W,2,1,4,3,3,3,3,79472,2.714285714,40.28725338
R219W,DSI,I511L,1,6,4,1,3,7,5,147259.9421,5.050508331,41.30522676
Y358T,Finance,Y7685W,7,5,7,7,7,6,6,48436,5.900982187,46.94022372
J101Q,Ethics,W2205Z,5,3,7,7,7,5,4,55620,5.428571429,60.27148392
B154H,Health,W8102W,5,3,6,6,6,4,5,135837,6.103375611,46.50196504
U424F,Finance,X7645X,3,7,5,4,5,7,7,132246,6.371570908,44.11815069
L957F,Finance,X7645X,6,4,7,7,7,6,6,47696,5.405090405,42.62452173
J116H,Health,Z4101Z,1,6,2,2,2,7,7,54814,3.3261109,53.04647339
M794M,Finance,Y9641W,7,6,7,7,7,7,7,54847,6.435408839,45.65050198
T139H,Finance,Y9641W,5,2,6,7,6,3,3,104739,5.556136427,39.79077045
M149Q,Finance,Y9641W,4,6,5,6,6,7,7,115676,6.807390623,49.4730681
B199W,Finance,Z7298V,1,7,3,3,3,7,7,49214,4.085670761,47.64757867
V561I,Finance,Z7298V,4,3,6,4,6,4,5,126968,5.647978151,44.04747452
T786N,Ethics,X8022Z,5,3,7,6,7,4,5,53354,4.907845022,52.22210867
G971Y,DSI,V8472W,6,4,7,7,7,6,5,57874.21234,6,42.66627372
I764M,Finance,Y7685W,5,5,6,7,7,7,6,74104,6.62163179,48.90145834
W844L,R&D,V4497X,6,3,7,7,7,5,5,58974,5.714285714,44.59069704
W646Y,Ethics,X8022Z,4,2,6,5,5,3,4,53516,3.757005374,45.76325867
R113T,Finance,Y4468Y,1,2,3,3,2,3,3,78894,2.428571429,40.74195913
H285N,R&D,X8066X,2,2,3,3,4,4,3,52591,2.638777893,41.17896193
F121E,R&D,X3607X,5,7,6,6,6,7,7,52098,5.605006807,47.65727927
X881S,Finance,Y4468Y,1,4,2,3,2,5,5,136262,4.269388613,44.53990764
V719H,Finance,X7645X,4,7,5,6,6,7,7,58278,6,49.34061958
B650I,Finance,Y9641W,7,3,7,7,7,6,4,47979,5.362833526,50.91084573
Y303K,R&D,X8066X,2,4,3,3,3,5,6,53831,3.166183265,49.50279729
F998O,Finance,Y9641W,1,2,3,3,3,4,4,53883,2.364619944,45.49484124
H426X,Health,Z4101Z,4,6,5,6,6,7,7,46191,5.421974397,45.90321655
I162L,DSI,V8472W,5,1,7,6,7,3,2,65451.22833,4.428571429,50.58265346
B220K,R&D,V4497X,4,3,5,5,7,4,5,59263,4.714285714,36.02014925
J776J,Finance,Y9641W,7,2,7,7,7,2,3,57382,5,45.17203485
L180A,Finance,Y7685W,1,7,1,2,2,7,7,63182,3.857142857,43.01871265
M403D,Finance,Y7685W,1,2,2,2,2,4,4,51567,1.875410927,34.64867741
R249A,Health,V7487V,3,6,5,5,4,7,7,55432,5.285714286,51.02551661
K767N,Finance,X7645X,2,4,3,3,3,6,5,48300,3.18589531,43.3149854
Q723E,Health,W8102W,3,2,5,5,5,3,3,49048,3.29328377,40.40155802
A472S,Finance,Y9641W,1,3,2,2,3,4,5,93136,3.839540837,44.65663219
W252W,Health,Z4101Z,2,1,3,5,4,2,2,65245,2.714285714,38.31223891
C662O,R&D,V4497X,1,6,3,3,3,7,7,59967,4.285714286,42.32131216
S637P,Finance,Z7298V,2,4,3,3,4,6,5,139300,4.829317498,42.12670302
U517G,R&D,X3607X,2,3,3,4,3,5,4,124068,4.304672907,49.56624611
K312F,Finance,X7645X,7,3,7,7,7,4,4,102596,6.582184025,41.49558269
O391K,R&D,Z2464Y,3,2,5,4,5,3,3,76489,4.039643052,39.74633978
M665F,Health,Z4101Z,4,3,6,6,6,4,5,144858,5.815091375,55.88522854
H684B,Finance,Z7298V,1,6,2,2,2,7,7,79371,3.857142857,37.94406896
E588P,R&D,X3607X,2,5,3,4,4,6,6,53612,3.818681312,40.26157566
T267C,R&D,Y3553W,4,1,6,5,6,2,3,51880,3.324645904,41.37476654
J209P,Finance,Y4468Y,6,1,7,7,7,3,2,62557,4.714285714,45.27013444
R324L,R&D,Y3553W,7,7,7,7,7,7,7,133446,7,43.43272094
U326W,R&D,Z2464Y,1,5,3,2,3,7,7,69291,4.637134338,40.25505734
H272A,Ethics,W7742X,1,2,3,2,2,3,3,51271,1.916756033,45.33305477
D280M,R&D,X8066X,1,2,3,3,2,4,3,90026,3.627324063,46.31738233
O351N,Ethics,W7742X,3,1,4,4,5,2,3,111502,4.163107491,39.21318338
J476H,DSI,V8472W,2,3,4,4,4,5,5,101629.053,4.764388909,49.92757819
Q271C,R&D,X8066X,1,7,2,3,3,7,7,52096,3.777819086,54.17452901
T542R,Ethics,X8022Z,2,6,3,3,3,7,7,99781,5.289669289,49.972802
H705R,R&D,X3607X,1,3,2,2,3,4,4,56464,2.714285714,41.33343294
G379Y,Finance,Y9641W,3,1,5,5,4,3,3,51132,2.756985789,33.95348519
G612O,R&D,Y3553W,3,3,4,5,5,5,5,156593,5.180225685,45.14731672
G878H,Health,Z4101Z,1,7,1,2,2,7,7,67274,4.332191965,40.04036076
O183F,Health,V7487V,2,1,3,4,3,2,2,140547,3.366236588,47.55413095
L451Y,DSI,V8472W,3,1,4,4,4,3,3,128164.9432,3.8887653,44.4452796
F120C,Finance,Y4468Y,7,5,7,7,7,7,6,46736,6.026105029,45.94782077
M570H,R&D,Y3553W,1,6,2,3,3,7,6,45841,3.305417506,51.53446805
Y125H,Ethics,W2205Z,7,2,7,7,7,4,3,102079,6.327506839,45.96281732
D339E,Finance,Y4468Y,2,4,3,4,4,6,5,54571,3.497181083,43.90755088
Q717I,R&D,X3607X,7,7,7,7,7,7,7,46618,6.502728795,40.53570763
N793S,Finance,X7645X,5,1,7,6,6,3,2,126476,5.347912074,45.5787194
T819H,Ethics,X8022Z,5,2,7,6,6,3,4,45637,4.096658088,44.90287879
A959T,Finance,Y7685W,3,6,4,4,4,7,7,82375,5.98325797,50.42453885
C129J,Finance,Y9641W,3,4,4,4,4,5,5,57754,4.142857143,41.29590649
M654C,Finance,X7645X,1,2,2,2,2,4,4,49717,2.041698475,47.75761508
D949Z,Finance,Z7298V,3,6,4,5,4,7,7,51863,4.55387242,48.11567582
G952H,R&D,V4497X,2,7,5,4,3,7,7,91181,5.936631317,44.16909386
L213P,Finance,Z7298V,3,7,5,4,5,7,7,115407,6.303620771,38.59109246
E879E,Finance,Y4468Y,3,2,4,4,5,3,3,72177,4.003779076,35.13329215
Q530U,R&D,Y3553W,3,1,4,5,4,2,2,92245,3.890157415,48.84023153
N680V,Ethics,W2205Z,1,3,2,3,2,5,4,140561,3.7503676,52.68231117
S601K,Finance,Y4468Y,4,4,5,6,6,5,5,54467,4.528004119,46.02179182
W591H,Ethics,W7742X,2,6,3,4,4,7,7,50406,4.336525933,49.93360012
O723P,R&D,Z2464Y,2,1,4,4,4,3,3,73942,3.517557287,41.98047779
K682R,Ethics,W7742X,1,5,3,3,3,6,6,80376,4.961542379,32.8031957
T623Z,Health,Z4101Z,2,3,4,3,4,4,5,54396,3.030294417,48.64613116
J735D,Ethics,W2205Z,6,6,7,7,7,7,7,79839,6.714285714,38.06676002
A785J,R&D,X8066X,7,4,7,7,7,5,6,59315,6.142857143,38.95469677
M613F,Ethics,W2205Z,3,2,4,4,5,2,3,114635,4.133223059,40.93149307
R964F,Ethics,W2205Z,7,7,7,7,7,7,7,118624,7,33.56136319
I687J,R&D,X8066X,4,1,5,6,6,3,3,54959,3.35595757,55.32671737
T746N,R&D,X8066X,2,5,3,3,3,6,6,54812,3.518862228,40.98728313
J604J,DSI,V8472W,7,1,7,7,7,3,2,135791.9719,5.722727528,38.08213961
J930Q,Health,Z4101Z,4,1,6,5,5,2,2,149977,4.618944785,41.04312209
H334J,Ethics,W7742X,2,5,3,4,4,7,6,54544,3.803385641,47.5777156
L968Q,R&D,Z2464Y,6,3,7,7,7,4,5,89726,6.557195887,50.14495105
W962D,Ethics,X8022Z,1,1,3,2,2,3,2,96703,3.073018309,52.72515551
J765R,Finance,Z7298V,1,2,2,2,3,4,4,50490,1.897634246,46.62215436
G624W,R&D,X3607X,1,2,2,3,3,3,4,55484,2.571428571,49.27687023
Q382L,Health,V7487V,6,7,7,7,7,7,7,49203,6.500108978,47.80770783
L851C,Finance,Z7298V,5,4,6,7,5,7,5,59348,5.571428571,43.702949
N625V,R&D,Z2464Y,3,7,5,5,5,7,7,146659,6.564179238,47.63705409
B623R,Ethics,X8022Z,2,7,3,4,4,7,7,55658,4.857142857,44.95979207
U171Z,Finance,Z7298V,2,7,3,4,3,7,7,148774,5.618600912,52.05767007
U376H,R&D,X3607X,1,6,3,3,2,7,7,59593,4.142857143,36.41326389
S338Y,R&D,Y3553W,3,6,4,4,5,7,7,46478,4.546998754,42.14735634
M860X,Ethics,W2205Z,2,4,3,3,3,6,6,52823,3.283096129,43.77515395
F741D,Health,W8102W,1,3,3,3,3,4,4,71948,3.612337125,39.85753195
G668E,R&D,Y3553W,4,1,6,4,5,3,1,53825,2.933353014,47.63960929
K429N,Finance,X7645X,1,3,2,3,2,5,5,49579,2.463541263,54.40185708
S918I,Finance,X7645X,2,4,4,2,3,5,6,70489,4.084053685,46.39430725
N300Q,R&D,Y3553W,4,7,5,6,5,7,7,63101,5.857142857,40.87992769
X548R,Finance,X7645X,1,3,3,3,3,5,4,48069,2.535801839,46.74311892
F708G,Finance,Y9641W,7,7,7,7,7,7,7,129757,7,34.73137467
X298W,DSI,V8472W,7,3,7,7,7,4,5,84995.47817,6.995437157,35.81600542
S402V,Health,Z4101Z,2,4,3,3,3,6,5,59685,3.714285714,45.61923435
L785I,R&D,X8066X,4,4,5,5,6,5,6,84196,6.010196321,43.92892224
J621K,R&D,V4497X,4,5,6,5,5,6,7,47962,4.838624393,43.95196082
W994Z,R&D,Z2464Y,5,5,7,6,7,6,7,54408,5.715893953,42.20654705
C783I,Finance,X7645X,5,5,7,7,6,6,7,53471,5.625995942,43.97469325
G531V,R&D,V4497X,3,3,5,5,5,5,4,58848,4.285714286,40.43424159
N215G,R&D,Z2464Y,7,2,7,7,7,3,4,153522,6.354195671,50.00977553
V134N,R&D,V4497X,4,7,5,6,6,7,7,65734,6,48.08583598
Z423I,Finance,Z7298V,1,1,2,2,2,3,2,123903,2.943406365,47.59471216
C411X,Finance,Y7685W,1,7,2,3,2,7,7,57772,4.142857143,46.311397
G528Q,R&D,X3607X,7,7,7,7,7,7,7,129113,7,48.49606454
M189V,Ethics,W7742X,2,6,3,4,3,7,7,53845,3.972009413,40.73902857
P443Y,R&D,Z2464Y,2,6,4,4,4,7,7,51189,4.163201319,57.83142377
T543U,Health,Z4101Z,1,6,2,3,2,7,7,57835,4,46.95676533
A494S,Health,V7487V,4,4,6,5,6,5,5,61550,5,41.42374469
G540R,R&D,Y3553W,1,4,2,3,3,6,6,146064,4.742889654,44.61484884
W433C,Ethics,W7742X,2,3,4,3,3,5,4,69247,4.076209202,51.20798688
V227Z,Finance,Y9641W,2,4,4,3,3,5,7,77850,4,47.33282042
U661R,R&D,V4497X,4,2,6,6,5,3,4,68793,4.961432317,48.18391908
L109O,Finance,Y4468Y,4,3,5,5,5,4,4,49062,3.890011526,43.55052406
B181U,Health,W8102W,5,5,6,6,6,6,7,51531,5.413173279,44.41438912
H335Y,Finance,Y7685W,2,7,4,3,4,7,7,121008,5.867662553,43.18099037
W754Z,DSI,V8472W,2,5,5,4,4,7,6,133916.3176,5.548894103,46.45607665
M495T,R&D,X3607X,3,6,4,4,4,7,7,118452,6.064717974,46.05597965
A676C,Health,Z4101Z,2,3,3,4,4,4,4,115839,4.356108973,40.32398516
Z832D,Ethics,W7742X,1,6,3,2,2,7,7,74282,4.483109008,43.43300029
E184V,R&D,Y3553W,5,2,6,6,6,4,3,48665,3.975830911,38.11655751
L399G,Health,Z4101Z,1,1,2,3,2,3,3,62110,2.142857143,45.1997509
R467H,Finance,Y9641W,2,1,4,3,3,3,3,45659,2.197206699,37.94123052
N931C,Ethics,W2205Z,6,2,6,7,7,4,3,88487,5.918377456,39.28311537
I647M,Health,W8102W,4,6,5,6,5,7,7,93798,6.715309052,44.4285253
N651O,Ethics,X8022Z,1,1,2,3,2,3,3,51377,1.711649197,39.99468567
K894N,Finance,Y4468Y,5,1,7,7,7,3,3,53091,4.042278859,36.14773742
O594J,Finance,Y7685W,1,7,2,1,2,7,7,73556,4.437476418,41.55932168
I929B,R&D,Z2464Y,1,1,3,2,2,3,2,78170,2,35.91978865
V962M,Ethics,W2205Z,5,7,6,7,7,7,7,63876,6.571428571,52.59917116
R869X,Health,W8102W,4,7,6,6,6,7,7,49970,5.544987014,36.01906591
V662P,R&D,V4497X,6,3,7,7,7,5,4,74864,6.10627702,41.29942799
T354M,DSI,V8472W,6,6,7,7,7,7,7,64954.30891,6.714285714,47.72859374
H893O,Finance,Z7298V,5,1,7,7,7,3,3,141460,5.664920315,46.60059578
A766Q,Finance,Z7298V,6,3,7,7,7,4,5,117078,6.753312861,37.70531911
F487R,Ethics,W7742X,1,7,3,2,3,7,7,82010,5.292907095,52.14443566
O948K,Ethics,W7742X,5,4,7,7,7,6,5,54773,5.350172086,41.12329139
P619W,Finance,Y7685W,7,3,7,7,7,3,5,48515,5.077606185,47.96154976
X112H,DSI,V8472W,5,4,7,6,7,6,6,63203.88282,5.857142857,43.58343338
I695P,R&D,X8066X,4,4,6,6,6,5,5,159346,6.264121325,42.9201372
V144K,Finance,Y9641W,1,1,3,2,3,2,2,49257,1.445468928,52.16477902
K779V,R&D,Y3553W,2,4,3,2,3,5,5,73805,3.775321985,39.31865462
U191S,Health,W8102W,4,7,6,5,5,7,7,70961,6.300061288,51.81707225
D243B,R&D,Y3553W,2,4,3,2,3,6,5,50419,2.889506723,51.99079503
Z360L,R&D,X3607X,7,3,7,7,7,6,4,76735,6.501870277,42.53856389
A543X,Finance,Y9641W,3,3,4,4,6,5,5,149810,5.419889294,45.25744426
Y276D,Health,W8102W,1,7,2,3,4,7,7,54125,3.918036678,49.34986986
P314Z,Ethics,W7742X,6,5,6,7,7,7,6,57019,6.285714286,44.81591485
O678P,Finance,X7645X,7,7,7,7,7,7,7,123040,7,44.99055487
Y416C,Health,Z4101Z,2,6,4,3,3,7,7,74160,5.126090635,45.33543583
J876M,R&D,X8066X,1,7,3,2,3,7,7,97289,5.16253498,39.10581577
Z151A,R&D,Z2464Y,6,6,7,7,7,7,7,78376,6.714285714,50.95548054
Z299O,Finance,Y4468Y,1,4,2,3,3,6,6,47999,3.003618782,42.28704889
O909C,R&D,V4497X,3,3,4,4,5,5,4,45957,3.652110659,39.68087879
D976F,Finance,Y7685W,1,4,2,2,3,6,6,85699,4.371483411,36.66799443
R616P,R&D,X8066X,5,5,7,7,6,7,6,71533,6.743342588,45.90988881
G448C,Health,Z4101Z,3,2,5,4,4,4,3,58113,3.571428571,49.19781768
J869J,Health,V7487V,6,4,7,7,7,6,6,57499,6.142857143,44.38190456
B630U,Ethics,W7742X,7,7,7,7,7,7,7,158496,7,49.53278988
U303E,Health,V7487V,1,2,2,3,3,4,3,74147,3.178466388,46.81818406
Y460S,R&D,Z2464Y,3,6,5,4,5,7,7,60586,5.285714286,40.60112794
J510W,Finance,X7645X,5,3,6,6,6,5,5,59695,5.142857143,42.54972348
N313X,R&D,X3607X,6,1,7,7,7,2,4,88198,5.770857047,44.57004911
O906W,Finance,Y4468Y,5,5,6,7,6,7,6,51653,5.515389369,42.68191358
U910F,Ethics,W7742X,4,2,5,7,6,4,4,48784,4.081710337,44.93694526
B683J,Finance,Y7685W,3,1,5,5,3,3,3,75673,3.700602908,43.45939638
W432G,Finance,X7645X,5,2,5,7,7,3,3,54583,3.943007034,41.25773561
Y254B,Health,W8102W,6,1,7,7,7,2,2,137247,5.469164276,46.26658233
K289O,R&D,Z2464Y,4,1,6,5,5,2,3,46185,3.285694601,47.24027286
U561Z,Ethics,W7742X,5,6,6,6,7,7,7,54184,5.798888534,48.68885218
T272X,Finance,Y9641W,5,6,7,7,7,7,7,54946,6.109367543,40.50154991
X672U,Ethics,W2205Z,1,6,2,3,3,7,7,52366,3.571061417,49.43978285
J915C,Ethics,X8022Z,3,1,4,5,4,2,3,45258,2.591154099,36.83149166
J742B,Finance,Y7685W,3,2,4,4,4,3,3,143630,4.235373309,45.55437496
A995A,Health,Z4101Z,7,7,7,7,7,7,7,46308,6.499705909,46.97708484
C448Y,R&D,X8066X,1,2,3,2,3,3,3,110065,3.466077437,50.34872919
D801T,R&D,X8066X,4,3,6,6,5,4,4,131791,5.689940798,48.38567777
Y426Z,Finance,Y7685W,1,2,3,3,3,3,3,101332,3.532862178,36.83286467
A564S,Ethics,X8022Z,7,7,7,7,7,7,7,112317,7,41.79144673
V960Z,DSI,V8472W,7,7,7,7,7,7,7,91160.23263,7,50.2666137
T935V,Health,V7487V,7,5,7,7,7,6,6,47834,5.856947903,49.9780119
N890K,Finance,Y4468Y,3,4,5,4,5,5,5,138706,5.479138264,43.96120326
P139O,R&D,Z2464Y,1,5,3,2,2,6,6,51555,3.111869884,37.09750678
C898H,Finance,Y9641W,7,7,7,7,7,7,7,76050,7,39.55593904
S664G,R&D,Y3553W,7,1,7,7,7,3,2,74617,5.487052886,44.57001082
B260M,Health,V7487V,6,7,7,7,7,7,7,58680,6.857142857,52.4547889
C908A,Finance,Z7298V,1,4,2,2,4,6,5,53911,2.903567795,49.36967465
B281H,Finance,Y9641W,7,7,7,7,7,7,7,88068,7,38.8642552
F641K,R&D,X8066X,1,7,2,2,2,7,7,60331,4,46.1437329
H878A,R&D,Z2464Y,2,2,4,4,4,4,3,77254,3.285714286,43.81464651
Y612Q,Health,W8102W,4,1,6,5,5,3,3,70933,4.443435946,49.66411243
T699Q,R&D,Y3553W,5,4,6,6,6,5,6,47685,4.88984559,36.15881276
C622A,R&D,V4497X,1,7,2,1,3,7,7,47698,3.277169458,47.28224357
M632I,R&D,Y3553W,2,7,4,3,3,7,7,54400,4.264840937,44.5880337
M897Q,Ethics,W2205Z,3,7,5,4,5,7,7,125563,6.429289546,48.53078951
N650L,Finance,Y7685W,1,6,3,3,2,7,7,144015,4.834003404,47.36903222
P750H,Health,Z4101Z,4,1,5,6,5,2,3,46130,3.19457921,54.50765987
T417O,Health,W8102W,2,7,3,4,4,7,7,90884,5.927387443,46.64584245
M675A,R&D,Z2464Y,1,7,2,2,3,7,7,53138,3.710195365,44.86687241
D429U,Finance,Y9641W,5,4,6,7,6,5,5,112711,6.364889867,44.85103679
N663S,R&D,X3607X,3,2,4,4,5,4,3,54473,3.166044152,43.82593361
I924M,R&D,Z2464Y,1,4,2,3,3,6,5,98510,4.332834654,40.68729787
U180M,Health,V7487V,6,4,7,7,7,5,4,56325,5.714285714,42.64292849
B472X,Ethics,X8022Z,1,1,2,2,2,3,2,55039,1.857142857,46.81237988
L278L,R&D,V4497X,3,3,4,5,4,5,5,163553,4.980475154,33.74950176
J568U,Finance,X7645X,3,5,4,4,5,7,7,59635,5,48.07679338
I282D,Finance,Y9641W,7,1,7,7,7,2,3,55891,4.857142857,47.76239426
J424S,R&D,Y3553W,4,3,6,5,5,4,4,77008,4.428571429,46.15028449
G171C,Ethics,W2205Z,3,7,4,4,5,7,7,83081,6.329228733,47.81499715
T846B,R&D,Y3553W,7,6,7,7,7,7,7,51118,6.339676947,37.88841696
A851F,R&D,Y3553W,6,3,7,7,7,5,5,159669,6.63182788,45.78968777
L688G,Health,W8102W,5,7,6,6,7,7,7,55774,6.428571429,44.00332682
Q229B,Ethics,X8022Z,1,1,3,2,2,3,2,109300,2.88363314,49.64744136
C676D,Health,Z4101Z,7,2,7,7,7,3,3,56030,5.142857143,46.49857398
D148Q,Health,V7487V,5,6,6,6,7,7,7,58409,6.285714286,45.17432985
W794I,R&D,X8066X,2,4,3,4,4,6,5,126364,4.972922149,43.99647908
M433U,Health,Z4101Z,6,6,7,7,7,7,7,45074,6.183220899,36.27831837
Z151O,Finance,Y9641W,2,3,3,3,4,5,4,48079,2.98073604,35.97931719
R586Z,R&D,Y3553W,2,1,4,4,3,3,3,67783,3.237219694,51.43786972
B799S,Health,Z4101Z,1,7,4,3,3,7,7,50177,3.952912575,48.31993452
K859E,Finance,Y4468Y,2,5,3,3,4,6,7,74608,4.808563072,48.702377
I952D,Health,V7487V,5,4,7,6,6,6,5,67638,6.129289849,43.00892417
N656L,Finance,Z7298V,7,7,7,7,7,7,7,58369,7,48.37807437
D913S,Finance,X7645X,6,7,7,7,7,7,7,47953,6.391648936,52.60588667
D100F,Finance,Y7685W,7,7,7,7,7,7,7,122753,7,47.30971757
S182Z,R&D,Y3553W,6,1,7,7,7,3,2,83194,5.732985446,32.01752671
U578V,Health,Z4101Z,7,6,7,7,7,7,7,51552,6.269627666,52.22929309
J868H,Ethics,W2205Z,3,5,5,5,4,7,6,68521,5.337551377,49.57933133
F189Y,Finance,Z7298V,5,1,6,7,6,3,2,89386,5.31923793,56.72090797
F882B,Ethics,X8022Z,1,6,2,2,2,7,7,46285,3.395955088,49.86395647
C320E,R&D,X3607X,6,2,7,7,7,4,4,98712,6.274536123,41.57063346
P681Q,DSI,I511L,5,3,7,6,7,5,3,120906.7225,6.084939867,41.29218707
V826G,Health,V7487V,1,2,2,3,2,3,3,89142,3.250522225,43.34226071
A612J,Ethics,W7742X,5,2,7,6,6,3,3,105959,5.681379117,46.96593017
W914T,Finance,Y9641W,4,1,6,5,5,3,4,73390,4.470466566,38.54668304
E546T,Ethics,W7742X,3,4,5,5,4,6,5,88349,5.638434302,44.95354919
C504M,R&D,Y3553W,5,4,7,7,7,6,7,74523,6.710042253,44.24537749
S917P,R&D,X3607X,2,5,4,4,3,5,6,53247,3.647235743,42.59333109
V373C,Ethics,W7742X,4,7,5,5,5,7,7,57987,5.714285714,42.92426538
B320P,Health,V7487V,7,7,7,7,7,7,7,119576,7,41.12817411
H951R,Finance,Z7298V,1,7,3,2,2,7,7,88548,5.23377452,38.92175011
N277M,R&D,X8066X,7,3,7,7,7,4,5,45098,5.225519085,48.21298581
H194S,Finance,Z7298V,5,4,7,7,6,6,4,49436,5.043398241,43.35943318
D406A,Health,V7487V,6,1,7,7,7,2,3,65146,4.714285714,39.50433656
O110H,Finance,Y9641W,4,5,5,6,6,7,7,80442,6.769492508,41.93339542
R259G,Finance,X7645X,3,1,4,4,5,2,3,47386,2.510244029,38.54204912
T236C,Finance,Y4468Y,3,7,4,4,5,7,7,141116,6.303292953,41.56371603
W652A,Health,W8102W,1,2,2,2,2,3,3,59020,2.142857143,34.05762146
H309K,R&D,X8066X,3,6,4,4,5,7,7,48772,4.570615882,49.28557885
V222I,Finance,Y7685W,5,3,6,6,6,4,4,50848,4.409297459,58.86076289
E751J,Ethics,X8022Z,2,3,4,3,4,5,5,48245,3.16834711,45.15597642
Y184Z,Ethics,X8022Z,1,2,3,2,2,3,4,96049,3.425363988,47.63511496
B364U,Finance,Z7298V,2,2,3,4,4,4,3,132440,4.213472232,46.93745315
I359Q,Health,W8102W,5,2,6,6,7,3,4,74469,5.357773275,37.0578289
I889G,Ethics,W7742X,7,4,7,7,7,5,4,118464,6.914667877,42.23049895
V109T,Finance,Y9641W,2,4,4,3,3,5,5,92551,4.571220205,47.29934813
F877I,Health,V7487V,3,3,4,4,4,5,4,135038,5.094467087,38.20761381
M543R,Finance,Z7298V,1,7,3,3,3,7,7,46124,4.001235064,46.0617129
U634Z,Finance,Y7685W,4,7,6,7,5,7,7,56684,6.142857143,42.31653337
F416S,R&D,X8066X,1,6,3,2,4,7,7,45977,3.901044943,44.92814737
D419I,Health,Z4101Z,3,3,5,5,4,5,5,57088,4.285714286,43.43675265
W212C,Ethics,W7742X,2,2,3,4,3,4,3,63902,3,39.0387737
F153Q,Finance,Y7685W,7,7,7,7,7,7,7,141235,7,43.03701485
G104T,Finance,X7645X,3,4,5,5,5,5,5,158465,5.502627514,46.12427927
H789H,R&D,X8066X,1,5,2,4,3,6,6,53451,3.410369253,49.44265866
O415R,Finance,Z7298V,1,4,3,3,2,5,6,132164,4.420079192,48.60916562
Z996B,Finance,Y9641W,1,3,2,2,3,4,4,59976,2.714285714,51.64181086
Z373P,Health,Z4101Z,3,4,5,5,4,5,5,64508,4.428571429,40.31514704
D740T,DSI,V8472W,1,4,2,2,2,5,6,57790.0516,3.142857143,43.79142826
A683Y,R&D,X3607X,4,2,6,5,5,4,4,105585,5.203107953,37.38649274
F712I,Finance,Y9641W,1,7,3,2,1,7,7,55278,4,49.25275947
J642Z,Finance,Y9641W,1,3,3,2,3,5,4,77166,3,40.4748653
N175D,Health,W8102W,7,7,7,7,7,7,7,104764,7,46.02845055
H320C,Finance,Z7298V,3,5,4,6,6,6,7,72687,5.900396749,43.34658071
F658W,Finance,Y7685W,3,2,4,4,5,3,4,80389,4.641458624,43.44307786
E186Y,Ethics,W2205Z,4,4,5,5,5,5,6,130116,5.921314859,45.3025574
T235C,Finance,X7645X,4,1,5,5,5,2,3,50769,3.146948626,40.36718047
B396R,R&D,V4497X,5,1,6,6,7,2,2,51108,3.611995903,48.16300193
I524J,DSI,V8472W,7,7,7,7,7,7,7,130102.8586,7,44.13858992
M647F,R&D,Y3553W,5,1,7,7,6,3,2,76857,4.858397929,42.53962846
J965K,R&D,X8066X,7,7,7,7,7,7,7,73812,7,47.17618749
A426G,Health,V7487V,5,2,6,6,7,4,4,57931,4.857142857,41.05450457
F117T,R&D,X3607X,4,2,6,5,4,3,3,78229,3.857142857,50.82247289
D643W,Finance,Y9641W,2,6,3,4,3,7,7,52127,3.844621652,39.20384932
K412D,Health,W8102W,7,7,7,7,7,7,7,149010,7,51.35679456
D988X,Health,W8102W,7,3,7,7,7,4,3,52933,5.052806535,48.88722762
O630L,Health,Z4101Z,4,5,5,6,6,6,6,56733,5.428571429,43.01044782
H345M,DSI,V8472W,1,1,3,2,3,3,1,63801.98046,2,30.39984148
X883F,Health,Z4101Z,7,1,7,7,7,3,3,141473,6.159983792,42.19663501
Y158L,Finance,Y9641W,1,4,2,3,3,6,6,71126,4.217585533,46.70199031
H816L,Ethics,W2205Z,1,4,2,3,2,5,6,100113,4.269465789,38.72851089
L199B,Health,V7487V,1,3,2,3,3,4,4,57181,2.857142857,42.82766329
I566Y,Health,W8102W,5,3,6,7,6,4,4,79648,5,45.87338971
Y219I,R&D,Z2464Y,4,4,5,5,5,5,5,52579,4.225578796,39.9817584
I986Q,R&D,Z2464Y,6,6,7,7,7,7,7,57475,6.714285714,35.79933726
P524N,Finance,Y9641W,1,1,2,3,2,2,3,53134,1.49904527,37.29431711
S464I,Finance,X7645X,6,1,7,7,7,3,3,51907,4.256884836,49.13882415
S778Z,R&D,X3607X,2,5,3,4,3,7,6,48419,3.788585236,44.5809641
A103R,Ethics,W7742X,7,1,7,7,7,3,3,53384,4.544593168,45.59549817
F719G,Ethics,X8022Z,1,2,3,2,3,3,3,56259,2.428571429,47.78366595
G596C,Finance,Y9641W,1,6,1,3,2,7,7,80780,4.841336474,39.59053257
O882D,Ethics,W2205Z,5,2,6,7,7,3,2,56655,4.571428571,44.84013059
W459M,Health,W8102W,2,1,3,4,3,2,3,50194,2.096383427,43.76024421
K316C,Finance,X7645X,1,4,4,3,3,5,6,50301,3.313462889,45.80808338
E300Q,R&D,X8066X,2,1,3,4,4,2,3,54019,2.128829131,47.51318515
Q530T,Finance,Y9641W,4,5,6,6,5,6,6,121589,6.511435626,47.41805891
E776W,Finance,Z7298V,3,4,5,4,5,6,5,71061,5.05367611,45.89629978
P151E,R&D,X3607X,1,1,3,3,2,2,3,118064,3.195705995,49.74821371
X900M,Health,W8102W,1,4,3,3,3,5,6,45489,3.181481916,53.90704561
M194D,R&D,V4497X,7,1,7,7,7,2,2,49850,4.169915223,44.02606015
A192M,DSI,I511L,1,6,3,2,3,7,5,68914.30393,4.327157806,43.76330945
Q283Y,Finance,Y7685W,7,7,7,7,7,7,7,134589,7,42.66505816
U824R,R&D,V4497X,6,2,7,7,7,4,4,109535,6.31395718,47.79056727
C372F,DSI,V8472W,6,4,7,7,7,5,5,86844.84485,6.904512259,45.63116909
H709L,Health,W8102W,3,4,5,4,4,5,6,59755,4.428571429,48.84137959
Z426G,DSI,I511L,7,1,7,7,7,3,0,157682.1866,5.593178166,44.03528525
G119J,Health,W8102W,2,5,3,4,3,6,6,162461,5.229358958,47.1871652
T911P,R&D,V4497X,1,6,2,1,2,7,7,76507,4.222998746,46.22880121
M732V,Ethics,W7742X,7,7,7,7,7,7,7,107234,7,55.03293357
L463X,Finance,Y4468Y,5,7,6,7,7,7,7,54832,5.962674454,39.57597572
J759T,R&D,Z2464Y,1,1,2,3,3,4,3,58053,2.428571429,46.67728603
R149T,R&D,X8066X,6,2,7,6,7,2,4,54953,4.25317973,42.17433367
V928F,Health,Z4101Z,5,2,7,5,7,4,4,138156,5.813746851,46.66118484
B895E,R&D,Z2464Y,1,2,2,3,2,3,3,55408,2.285714286,50.30595434
U981Y,Health,V7487V,1,1,3,3,2,2,3,90952,3.120651484,43.54533409
C682X,Finance,Y4468Y,5,1,7,6,7,2,2,53634,3.77206088,49.59753705
L783R,Finance,Y4468Y,7,7,7,7,7,7,7,102803,7,43.46414484
B654E,Finance,X7645X,2,5,3,3,3,7,6,47069,3.579529213,48.48192453
D783D,Ethics,X8022Z,7,7,7,7,7,7,7,140155,7,36.11940327
Q111A,Finance,Y7685W,3,6,5,5,4,7,7,76720,5.83925827,47.68279993
C869F,Health,V7487V,7,5,7,7,7,6,7,47383,6.084413006,49.51634669
B595V,Finance,X7645X,3,3,5,5,4,5,5,48985,3.712656682,42.60964274
B123H,R&D,V4497X,5,6,6,7,7,7,7,55307,6.428571429,43.48659577
Z935K,Finance,Z7298V,3,3,4,6,5,5,5,77637,4.428571429,49.54376994
I936K,R&D,X8066X,3,7,5,5,5,7,7,92111,6.56873497,55.79815141
K786L,Finance,Y7685W,6,2,7,7,7,3,3,57262,5,50.71615578
O873G,R&D,Y3553W,3,4,4,5,4,5,6,166830,5.441554795,45.37034612
R897O,R&D,Y3553W,4,2,6,6,5,4,4,90985,5.43435748,41.44783082
V844B,R&D,X3607X,4,6,5,4,6,7,7,47801,5.069423687,40.62642653
C618S,Ethics,X8022Z,7,4,7,7,7,6,5,49629,5.71338678,40.7583544
Y551L,Finance,Z7298V,3,7,5,5,5,7,7,67685,6.164671798,39.55395825
N601L,Ethics,X8022Z,2,3,4,3,4,4,4,126139,4.498957514,45.54043752
H171P,R&D,Z2464Y,2,3,3,3,4,4,5,115859,4.256437461,48.12838618
R245S,R&D,V4497X,3,5,4,4,4,7,6,104067,5.591021167,43.54835971
A383I,R&D,Y3553W,4,3,5,5,5,4,5,49620,3.930829036,41.82335838
Y859P,Health,Z4101Z,2,4,4,4,3,5,7,123967,5.036287724,48.89178809
Q654J,R&D,X8066X,7,1,7,7,7,3,2,78466,4.857142857,40.67776955
D669L,Finance,Y7685W,2,5,3,3,4,7,6,71779,4.779663572,34.30269594
S965N,R&D,V4497X,4,3,4,5,5,5,5,171342,5.443989861,51.21261837
X421X,Ethics,W7742X,5,5,7,6,7,7,7,47523,5.839410489,42.45006726
D254I,Finance,X7645X,7,4,7,7,7,5,6,53846,5.611945739,45.80691656
M734P,R&D,X8066X,2,3,3,3,4,5,6,113946,4.593197923,44.25406747
I424A,Ethics,X8022Z,5,7,7,7,7,7,7,51603,6.30962706,40.64966177
E413J,Health,Z4101Z,7,5,7,7,7,7,7,58247,6.714285714,47.67309025
U254A,Finance,Y7685W,5,6,6,6,6,7,7,74809,6.746292487,35.90115022
A814N,R&D,Z2464Y,1,6,3,3,1,7,7,59231,4,37.12047367
G982R,R&D,Y3553W,7,7,7,7,7,7,7,141905,7,36.27160721
F810S,Health,V7487V,5,1,6,7,6,2,3,47879,3.864410485,46.72736337
G348J,R&D,Y3553W,7,3,7,7,7,5,4,118920,6.92829672,50.0458628
I590H,Ethics,W2205Z,3,1,5,4,4,3,3,144919,4.170234912,40.11394236
W415F,Finance,Y4468Y,4,7,5,4,5,7,7,73252,5.966150628,41.48241307
I416Q,R&D,X8066X,3,4,4,4,5,5,6,138641,5.34378427,48.03132111
H598C,R&D,X3607X,3,4,4,4,5,6,6,148871,5.496781036,41.3686425
A474R,Finance,Y4468Y,2,4,3,4,3,5,5,151706,4.829556054,43.2925357
G911S,Health,W8102W,6,2,7,7,7,4,4,53702,4.625753501,47.86343858
G990Q,R&D,V4497X,2,7,3,4,4,7,7,50533,4.406907764,43.18177485
S916V,Finance,Y4468Y,6,5,7,7,7,6,7,52167,5.921192818,50.19190254
H560Y,Finance,Y7685W,4,7,6,6,5,7,7,59142,6,44.60543118
F937R,DSI,V8472W,7,1,7,7,7,2,3,61943.33438,4.857142857,40.86591614
M787N,Finance,Z7298V,1,7,2,2,2,7,7,70397,4.58778316,47.29369789
G747F,Health,Z4101Z,6,5,7,7,7,6,7,55055,6.428571429,46.36995265
O846O,Finance,X7645X,5,1,6,7,6,3,3,59187,4.428571429,42.49762108
Z555O,Finance,Y9641W,2,4,3,4,3,5,5,72598,4.216334565,42.82251852
T642U,R&D,Y3553W,4,3,5,5,6,4,5,57474,4.571428571,38.31819251
W933X,R&D,V4497X,5,3,7,6,7,5,4,75737,5.887959705,43.30975907
B129X,R&D,X3607X,4,3,6,5,6,4,4,45481,4.099141069,38.32381044
C456V,R&D,Z2464Y,7,7,7,7,7,7,7,67188,7,47.96822874
D258O,DSI,V8472W,6,1,7,7,7,2,2,66754.78439,5.084828229,47.31387913
Q791M,R&D,X3607X,2,7,4,4,3,7,7,81186,5.77861868,47.13665386
C830O,R&D,Y3553W,7,7,7,7,7,7,7,59170,7,48.12902717
O767H,Finance,Y7685W,5,6,6,7,7,7,7,53083,6.019639422,50.82453863
M794R,Health,Z4101Z,1,4,2,2,2,5,5,53923,2.555245475,49.29424257
G826K,Finance,Y4468Y,4,4,5,6,6,5,5,131134,5.926551391,33.43773804
G192U,R&D,X8066X,7,4,7,7,7,6,6,73259,6.760142375,42.99871017
M374W,R&D,X3607X,7,7,7,7,7,7,7,141676,7,49.42381471
F566U,Finance,X7645X,1,7,2,2,3,7,7,52948,3.802422285,45.27956463
H404Q,Ethics,W2205Z,4,1,5,5,5,2,3,110132,4.531374084,39.62482456
A864B,Ethics,W2205Z,6,7,7,7,7,7,7,47627,6.487775046,43.13043634
H591N,Finance,Y9641W,4,7,6,6,5,7,7,82565,6.995803545,40.42417375
H632T,Health,W8102W,6,3,7,7,7,4,4,77734,5.428571429,41.71417423
N190Y,Finance,Y7685W,2,4,3,4,4,5,6,53259,3.499762748,37.74154564
I169K,R&D,Z2464Y,7,7,7,7,7,7,7,90988,7,45.96742179
Q622N,Finance,Y4468Y,4,2,6,6,6,3,3,63943,4.285714286,40.66822934
Z595B,Health,V7487V,5,1,6,7,6,4,3,54169,3.986517952,43.11433311
Y389E,Health,W8102W,4,5,6,5,5,7,6,139836,6.510110992,42.19589407
Q265T,Finance,Y7685W,5,2,6,6,6,4,4,72700,5.146323911,54.01342576
C418V,Ethics,W2205Z,1,7,2,3,2,7,7,47378,3.562774759,48.70280012
O673O,Health,W8102W,2,4,3,3,3,6,6,131572,4.887410403,37.26535819
I547V,R&D,X8066X,2,4,4,3,4,5,6,49062,3.441519044,43.53931674
E921L,R&D,X8066X,7,4,7,7,7,5,6,53970,5.610123373,47.24984716
K356H,R&D,Y3553W,6,5,7,7,7,6,7,69746,6.942303519,35.17968923
Z540R,Health,V7487V,2,2,3,3,4,4,3,140556,3.887793397,45.54788997
O343O,R&D,Z2464Y,2,6,3,3,3,7,7,49721,3.854278107,49.20467305
O433A,Health,V7487V,2,1,4,3,4,2,2,49924,2.251383961,39.37178351
C422X,R&D,Z2464Y,6,1,7,7,7,2,3,71692,5.208728143,43.16700874
X155P,Ethics,W7742X,1,2,3,3,3,4,4,87531,3.823672035,51.84616176
H125L,R&D,Y3553W,4,1,5,5,6,3,2,75950,4.165705496,50.39955258
F827A,R&D,V4497X,1,4,3,2,3,5,6,66550,3.970275663,56.00970381
J945X,R&D,Y3553W,6,3,7,7,7,5,5,53572,4.982278263,48.1276532
Y554K,R&D,V4497X,2,2,3,3,4,4,3,135034,4.01649089,37.82671861
R435A,Finance,Y4468Y,4,1,5,5,5,3,3,51056,3.289036317,47.30987579
X983H,Health,Z4101Z,2,4,4,3,2,5,7,113976,4.786220127,40.23338815
H495O,Finance,X7645X,2,3,4,3,3,5,5,73070,4.143536851,48.87894447
T138O,R&D,Y3553W,1,6,3,2,2,7,7,49647,3.557343903,43.61245754
Y322Y,Finance,Y9641W,6,6,7,7,6,7,7,58678,6.571428571,43.7359815
P275V,Ethics,X8022Z,7,1,7,7,7,3,2,66316,5.343363442,44.78394433
Y454F,Health,V7487V,3,3,4,4,4,4,5,77565,3.857142857,33.82711205
Q126D,R&D,Y3553W,4,5,6,6,4,6,7,51451,4.853113724,42.47686191
T159D,R&D,X8066X,5,2,6,6,7,3,4,74675,5.305704689,41.63519348
P545T,R&D,V4497X,2,7,3,4,3,7,7,98794,5.714192666,46.81109267
N776A,Health,W8102W,2,3,3,3,3,5,5,54790,3.068259384,50.32453074
H690Z,R&D,X8066X,1,5,2,3,3,7,7,56960,4,48.04905999
Q503H,R&D,V4497X,6,1,7,7,7,3,2,48649,4.155515167,46.86642751
I450E,Ethics,X8022Z,6,3,7,7,6,5,5,57631,5.571428571,41.31432367
W491J,Health,Z4101Z,3,2,4,5,5,4,3,48847,3.201690952,42.63649615
S242X,R&D,V4497X,5,1,7,7,7,2,2,77964,4.428571429,52.79222256
S533V,Ethics,X8022Z,1,2,3,3,3,4,3,144927,3.773249918,50.00606275
